w1,9463,0.068,0.868,0.064,-0.8686
w2,5868,0.071,0.86,0.069,-0.8068
w3,5588,0.077,0.839,0.084,0.8714
w4,6426,0.04,0.896,0.063,0.9602
w5,4082,0.056,0.874,0.07,0.5574
w6,290,0.107,0.744,0.149,0.296
w7,6702,0.038,0.881,0.081,0.9906
w8,9864,0.046,0.907,0.047,-0.5994
w9,151,0.0,0.706,0.294,0.8176
w10,175,0.129,0.804,0.067,-0.34
w11,34,0.0,1.0,0.0,0.0
w12,153,0.151,0.849,0.0,-0.4767
w13,6846,0.051,0.774,0.175,0.999
w14,9599,0.073,0.864,0.064,-0.9442
w15,7394,0.034,0.897,0.069,0.9873
w16,90,0.0,1.0,0.0,0.0
w17,231,0.086,0.801,0.113,-0.0258
w18,6232,0.061,0.855,0.084,0.9661
w19,4008,0.064,0.827,0.109,0.9795
w20,276,0.108,0.892,0.0,-0.6249
w21,3061,0.076,0.833,0.091,0.8229
w22,94,0.195,0.805,0.0,-0.4404
w23,22954,0.047,0.831,0.122,0.9998
w25,158,0.0,1.0,0.0,0.0
w26,13421,0.036,0.845,0.119,0.9995
w27,5483,0.055,0.879,0.066,0.8836
w28,7435,0.054,0.827,0.119,0.997
w29,4554,0.059,0.829,0.112,0.9898
w30,97,0.0,0.851,0.149,0.2732
w31,805,0.0,1.0,0.0,0.0
w32,139,0.127,0.873,0.0,-0.4404
w33,108,0.0,1.0,0.0,0.0
w34,4760,0.036,0.914,0.05,0.6545
w35,99,0.0,1.0,0.0,0.0
w36,179,0.104,0.896,0.0,-0.4404
w37,1590,0.065,0.824,0.111,0.8957
w38,205,0.18,0.82,0.0,-0.6908
w39,7881,0.117,0.817,0.065,-0.9976
w40,5588,0.098,0.864,0.037,-0.9952
w41,45,0.0,1.0,0.0,0.0
w42,1798,0.008,0.919,0.073,0.9641
w43,3302,0.057,0.906,0.037,-0.8775
w44,9891,0.072,0.831,0.097,0.9857
w45,3323,0.032,0.877,0.091,0.982
w46,1691,0.025,0.895,0.08,0.8893
w47,337,0.0,0.938,0.062,0.25
w48,9508,0.033,0.848,0.119,0.9992
w49,14693,0.065,0.811,0.123,0.9992
w50,258,0.0,0.921,0.079,0.4588
w51,54,0.0,1.0,0.0,0.0
w52,87,0.153,0.847,0.0,-0.4019
w53,3119,0.024,0.936,0.04,0.8368
w54,3855,0.09,0.843,0.067,-0.9387
w55,7088,0.033,0.866,0.101,0.9976
w56,2778,0.025,0.895,0.081,0.9627
w57,4090,0.083,0.87,0.047,-0.9732
w58,10559,0.088,0.863,0.048,-0.9975
w59,10638,0.087,0.845,0.068,-0.9862
w60,24,0.0,1.0,0.0,0.0
w61,850,0.0,1.0,0.0,0.0
w62,5970,0.099,0.802,0.1,-0.4319
w63,6399,0.038,0.912,0.049,0.8094
w64,2876,0.02,0.935,0.046,0.7809
w65,3880,0.038,0.848,0.114,0.9929
w66,6700,0.072,0.865,0.063,-0.9145
w67,158,0.0,1.0,0.0,0.0
w68,94,0.0,1.0,0.0,0.0
w69,1489,0.036,0.926,0.037,-0.2023
w70,6726,0.079,0.879,0.042,-0.9914
w71,7047,0.032,0.824,0.144,0.999
w72,2333,0.062,0.832,0.106,0.9252
w73,3877,0.048,0.866,0.086,0.963
w74,1662,0.022,0.898,0.08,0.9008
w75,89,0.0,1.0,0.0,0.0
w76,125,0.0,1.0,0.0,0.0
w77,8871,0.031,0.886,0.083,0.9962
w78,7292,0.022,0.889,0.089,0.9958
w79,9323,0.102,0.804,0.095,-0.9055
w80,36,0.0,1.0,0.0,0.0
w81,8076,0.077,0.842,0.081,0.5805
w82,157,0.0,1.0,0.0,0.0
w83,5414,0.05,0.912,0.038,-0.9275
w84,12547,0.052,0.886,0.062,0.9175
w85,77,0.0,0.803,0.197,0.4019
w86,3424,0.046,0.832,0.122,0.9914
w87,859,0.0,1.0,0.0,0.0
w88,1635,0.033,0.927,0.039,-0.1531
w89,7526,0.044,0.898,0.058,0.9198
w90,4622,0.061,0.827,0.111,0.9891
w91,9315,0.1,0.824,0.076,-0.994
w92,1030,0.044,0.927,0.03,-0.34
w93,25133,0.072,0.815,0.113,0.9996
w94,11705,0.028,0.845,0.127,0.9995
w95,13687,0.054,0.822,0.124,0.9995
w96,34,0.0,1.0,0.0,0.0
w97,4475,0.069,0.852,0.078,0.7556
w98,99,0.0,1.0,0.0,0.0
w99,160,0.0,1.0,0.0,0.0
w100,355,0.0,1.0,0.0,0.0
w101,212,0.0,1.0,0.0,0.0
w102,13162,0.029,0.844,0.127,0.9995
w103,2166,0.023,0.928,0.049,0.7666
w104,281,0.0,0.808,0.192,0.765
w105,9623,0.028,0.877,0.095,0.998
w106,10823,0.062,0.859,0.079,0.9896
w107,7653,0.044,0.872,0.084,0.9906
w108,108,0.072,0.928,0.0,-0.1027
w109,6824,0.05,0.893,0.057,0.8774
w110,4152,0.072,0.882,0.046,-0.9256
w111,3552,0.05,0.872,0.078,0.8966
w112,14369,0.075,0.835,0.09,0.9893
w113,13058,0.052,0.891,0.057,0.58
w114,12636,0.041,0.875,0.084,0.9975
w115,8567,0.017,0.929,0.054,0.9806
w116,122,0.0,1.0,0.0,0.0
w117,10763,0.087,0.84,0.072,-0.9782
w118,35,0.0,1.0,0.0,0.0
w119,196,0.0,1.0,0.0,0.0
w120,35,0.0,1.0,0.0,0.0
w121,4491,0.015,0.879,0.106,0.9958
w122,6737,0.054,0.894,0.052,0.7955
w123,298,0.059,0.941,0.0,-0.3182
w124,511,0.062,0.88,0.058,-0.0772
w125,8375,0.068,0.877,0.055,-0.958
w126,355,0.0,1.0,0.0,0.0
w127,7577,0.081,0.83,0.089,0.627
w128,109,0.0,0.734,0.266,0.5727
w129,3195,0.024,0.912,0.064,0.957
w130,96,0.0,0.691,0.309,0.7009
w131,199,0.194,0.806,0.0,-0.6486
w132,88,0.0,1.0,0.0,0.0
w133,1491,0.0,0.932,0.068,0.9367
w134,8597,0.034,0.885,0.081,0.9926
w135,5161,0.007,0.892,0.102,0.9971
w136,88,0.0,1.0,0.0,0.0
w137,2379,0.097,0.863,0.041,-0.9649
w138,7061,0.029,0.824,0.147,0.999
w139,2083,0.067,0.872,0.062,-0.2105
w140,338,0.0,0.938,0.062,0.25
w141,8143,0.075,0.847,0.078,0.238
w142,8392,0.042,0.879,0.078,0.9842
w143,100,0.0,1.0,0.0,0.0
w144,6032,0.013,0.875,0.113,0.9976
w145,5435,0.098,0.842,0.06,-0.991
w146,4212,0.027,0.884,0.089,0.9853
w147,7092,0.048,0.872,0.08,0.9835
w148,5779,0.042,0.811,0.147,0.9985
w149,18048,0.037,0.848,0.115,0.9997
w150,9252,0.08,0.874,0.047,-0.994
w151,10701,0.015,0.938,0.047,0.9905
w152,4192,0.04,0.884,0.077,0.959
w153,157,0.0,0.743,0.257,0.6734
w154,1050,0.02,0.893,0.087,0.8225
w155,91,0.0,1.0,0.0,0.0
w156,3563,0.034,0.852,0.114,0.9921
w157,1701,0.01,0.955,0.035,0.6597
w158,5616,0.048,0.844,0.109,0.9943
w159,98,0.0,1.0,0.0,0.0
w160,154,0.0,1.0,0.0,0.0
w161,5530,0.044,0.896,0.06,0.9331
w162,228,0.103,0.804,0.093,-0.0772
w163,219,0.0,1.0,0.0,0.0
w164,166,0.204,0.68,0.116,-0.296
w165,713,0.0,0.944,0.056,0.5826
w166,2599,0.019,0.89,0.091,0.9817
w167,5820,0.015,0.873,0.111,0.9975
w168,4835,0.012,0.874,0.114,0.9973
w169,46,0.0,1.0,0.0,0.0
w170,88,0.0,1.0,0.0,0.0
w171,1527,0.0,0.959,0.041,0.8611
w172,8240,0.161,0.754,0.085,-0.9992
w173,6515,0.058,0.845,0.097,0.9826
w174,88,0.0,1.0,0.0,0.0
w175,5863,0.038,0.86,0.101,0.9955
w176,2375,0.07,0.878,0.053,-0.7035
w177,6858,0.064,0.865,0.07,0.6783
w178,10199,0.033,0.845,0.121,0.9989
w179,7116,0.079,0.792,0.129,0.994
w180,4057,0.031,0.862,0.108,0.9919
w181,8225,0.045,0.834,0.121,0.9979
w182,145,0.0,1.0,0.0,0.0
w183,13768,0.092,0.79,0.119,0.9951
w184,14688,0.046,0.85,0.104,0.9983
w185,7790,0.069,0.874,0.057,-0.9393
w186,851,0.0,1.0,0.0,0.0
w187,5785,0.089,0.853,0.058,-0.9915
w188,6915,0.096,0.841,0.063,-0.9923
w189,13776,0.05,0.889,0.061,0.9852
w190,8204,0.043,0.822,0.136,0.9991
w191,10434,0.1,0.843,0.058,-0.998
w192,6710,0.081,0.848,0.071,-0.9459
w193,67,0.0,1.0,0.0,0.0
w194,317,0.0,1.0,0.0,0.0
w195,2956,0.063,0.872,0.066,-0.3832
w196,2909,0.038,0.899,0.063,0.7774
w197,1640,0.01,0.861,0.129,0.9686
w198,6987,0.045,0.904,0.051,0.881
w199,923,0.054,0.921,0.025,-0.5267
w200,11472,0.059,0.84,0.1,0.9975
w201,6246,0.055,0.885,0.061,0.6114
w202,3860,0.077,0.898,0.025,-0.9855
w203,4746,0.075,0.9,0.025,-0.9856
w204,6201,0.052,0.922,0.025,-0.9769
w205,4411,0.027,0.908,0.065,0.979
w206,5902,0.029,0.903,0.068,0.9871
w207,1447,0.0,0.954,0.046,0.8611
w208,10245,0.039,0.893,0.068,0.9931
w209,517,0.0,0.92,0.08,0.7456
w210,718,0.0,0.908,0.092,0.7488
w211,6589,0.045,0.868,0.086,0.9895
w212,3839,0.06,0.797,0.143,0.9892
w213,94,0.136,0.864,0.0,-0.296
w214,9230,0.038,0.91,0.053,0.9683
w215,6817,0.073,0.87,0.057,-0.8792
w216,4864,0.048,0.889,0.063,0.791
w217,3101,0.078,0.859,0.064,-0.8436
w218,5311,0.059,0.887,0.055,-0.2679
w219,5338,0.169,0.769,0.062,-0.9989
w220,979,0.0,0.938,0.062,0.7003
w221,8822,0.072,0.849,0.079,0.9191
w222,1905,0.078,0.823,0.099,0.5994
w223,7075,0.046,0.869,0.085,0.9917
w224,172,0.099,0.901,0.0,-0.3182
w225,184,0.0,1.0,0.0,0.0
w226,11039,0.042,0.882,0.075,0.9951
w227,2468,0.074,0.854,0.072,-0.0173
w228,868,0.024,0.976,0.0,-0.4404
w229,5168,0.056,0.887,0.057,-0.0751
w230,4533,0.022,0.888,0.09,0.9883
w231,7884,0.037,0.875,0.088,0.9956
w232,109,0.0,1.0,0.0,0.0
w233,7487,0.025,0.923,0.051,0.9806
w234,15558,0.07,0.821,0.109,0.9978
w235,86,0.136,0.739,0.125,-0.0516
w236,3449,0.052,0.872,0.076,0.9327
w237,5936,0.079,0.874,0.048,-0.9868
w238,1502,0.013,0.944,0.043,0.7691
w239,1477,0.0,0.994,0.006,0.0772
w240,88,0.0,1.0,0.0,0.0
w241,6283,0.044,0.861,0.095,0.9958
w242,7946,0.033,0.879,0.088,0.9963
w243,3975,0.033,0.894,0.072,0.9747
w244,5217,0.027,0.88,0.093,0.9936
w245,6679,0.056,0.855,0.09,0.9893
w246,6770,0.043,0.902,0.055,0.7789
w247,2134,0.007,0.932,0.061,0.9486
w248,277,0.447,0.553,0.0,-0.97
w249,35,0.0,1.0,0.0,0.0
w250,4345,0.039,0.886,0.076,0.976
w251,348,0.0,1.0,0.0,0.0
w252,13334,0.054,0.874,0.072,0.9874
w253,11540,0.041,0.873,0.086,0.9941
w254,348,0.0,1.0,0.0,0.0
w255,7786,0.049,0.824,0.128,0.9987
w256,13652,0.034,0.852,0.114,0.9992
w257,6772,0.147,0.768,0.084,-0.9983
w258,10793,0.038,0.829,0.133,0.9995
w259,9437,0.034,0.89,0.077,0.9915
w260,88,0.0,1.0,0.0,0.0
w261,9538,0.036,0.906,0.058,0.9802
w262,23901,0.046,0.825,0.129,0.9999
w263,4079,0.03,0.828,0.142,0.9967
w264,37,0.0,1.0,0.0,0.0
w265,4147,0.035,0.899,0.066,0.9676
w266,13062,0.051,0.877,0.072,0.9945
w267,11940,0.086,0.861,0.053,-0.9961
w268,12291,0.063,0.876,0.061,-0.4727
w269,13562,0.045,0.865,0.09,0.9981
w270,159,0.16,0.764,0.076,-0.34
w271,10313,0.03,0.907,0.063,0.9941
w272,115,0.0,1.0,0.0,0.0
w273,3118,0.018,0.93,0.052,0.9421
w274,7332,0.086,0.793,0.121,0.9921
w275,200,0.209,0.791,0.0,-0.8122
w276,8823,0.063,0.858,0.08,0.2113
w277,18242,0.07,0.852,0.078,0.9033
w278,7138,0.065,0.856,0.078,0.8932
w279,16840,0.027,0.893,0.08,0.9987
w280,8485,0.011,0.909,0.08,0.9975
w281,9069,0.122,0.757,0.121,-0.9592
w282,123,0.0,1.0,0.0,0.0
w283,110,0.0,0.903,0.097,0.1027
w284,5027,0.063,0.876,0.061,-0.7083
w285,10802,0.1,0.777,0.123,0.9958
w286,875,0.0,0.961,0.039,0.4753
w287,18321,0.03,0.915,0.055,0.9963
w288,16823,0.034,0.896,0.07,0.9979
w289,62,0.0,1.0,0.0,0.0
w290,9513,0.074,0.82,0.106,0.9785
w291,9576,0.03,0.883,0.087,0.9949
w292,230,0.0,1.0,0.0,0.0
w293,3909,0.049,0.904,0.047,-0.5775
w294,2075,0.0,0.937,0.063,0.9573
w295,88,0.0,1.0,0.0,0.0
w296,46,0.0,1.0,0.0,0.0
w297,6583,0.025,0.905,0.07,0.9895
w298,18127,0.012,0.929,0.058,0.999
w299,24,0.0,1.0,0.0,0.0
w300,4831,0.097,0.821,0.083,-0.6752
w301,5376,0.057,0.884,0.059,0.0453
w302,8301,0.103,0.815,0.081,-0.9808
w303,8369,0.037,0.894,0.069,0.987
w304,9711,0.086,0.83,0.085,-0.8624
w305,3942,0.02,0.875,0.104,0.9926
w306,153,0.0,1.0,0.0,0.0
w307,170,0.073,0.927,0.0,-0.128
w308,10486,0.067,0.875,0.057,-0.9615
w309,249,0.0,1.0,0.0,0.0
w310,35,0.0,1.0,0.0,0.0
w311,3755,0.028,0.884,0.089,0.9825
w312,472,0.0,0.964,0.036,0.2732
w313,348,0.0,1.0,0.0,0.0
w314,8026,0.058,0.866,0.076,0.9271
w315,3272,0.061,0.839,0.1,0.9441
w316,62,0.0,1.0,0.0,0.0
w317,7256,0.02,0.898,0.081,0.995
w318,140,0.0,0.958,0.042,0.0258
w319,9599,0.034,0.893,0.073,0.9939
w320,17558,0.043,0.821,0.136,0.9998
w321,123,0.0,0.952,0.048,0.0258
w322,1539,0.019,0.94,0.041,0.7319
w323,4702,0.069,0.842,0.089,0.8599
w324,46,0.0,1.0,0.0,0.0
w325,88,0.0,1.0,0.0,0.0
w326,2955,0.036,0.886,0.078,0.9525
w327,8022,0.032,0.812,0.156,0.9994
w328,3166,0.057,0.825,0.118,0.9894
w329,2265,0.046,0.892,0.062,0.7628
w330,167,0.0,0.896,0.104,0.4404
w331,393,0.0,0.938,0.062,0.4588
w332,87,0.0,1.0,0.0,0.0
w333,2782,0.072,0.815,0.113,0.9114
w334,6588,0.077,0.848,0.075,-0.5349
w335,25,0.0,1.0,0.0,0.0
w336,5101,0.13,0.785,0.085,-0.9932
w337,979,0.03,0.938,0.032,0.0516
w338,8205,0.088,0.807,0.106,0.967
w339,12605,0.07,0.814,0.116,0.9986
w340,13732,0.043,0.823,0.134,0.9996
w341,3458,0.026,0.851,0.123,0.9946
w342,13424,0.042,0.856,0.102,0.9992
w343,348,0.0,1.0,0.0,0.0
w344,8955,0.072,0.862,0.066,-0.6936
w345,4557,0.052,0.856,0.092,0.9842
w346,13128,0.115,0.794,0.091,-0.9942
w347,292,0.0,1.0,0.0,0.0
w348,4955,0.063,0.864,0.073,0.8511
w349,837,0.024,0.895,0.082,0.8414
w350,3980,0.05,0.819,0.131,0.9943
w351,6436,0.052,0.861,0.087,0.9876
w352,30680,0.057,0.86,0.082,0.9994
w353,5278,0.058,0.831,0.112,0.9927
w354,14134,0.018,0.935,0.047,0.9959
w355,62,0.0,1.0,0.0,0.0
w356,7792,0.061,0.858,0.081,0.9737
w357,148,0.102,0.8,0.098,-0.0258
w358,7488,0.053,0.862,0.085,0.9828
w359,16702,0.091,0.75,0.158,0.9997
w360,108,0.0,1.0,0.0,0.0
w361,2361,0.092,0.824,0.084,-0.7902
w362,2979,0.048,0.887,0.066,0.8225
w363,736,0.033,0.916,0.052,0.3348
w364,390,0.0,0.938,0.062,0.4588
w365,3771,0.074,0.847,0.079,0.473
w366,3878,0.042,0.778,0.179,0.9983
w367,4748,0.053,0.888,0.059,-0.3515
w368,17610,0.047,0.868,0.085,0.9985
w369,9739,0.059,0.829,0.112,0.9984
w370,7676,0.035,0.932,0.034,-0.7896
w371,302,0.0,1.0,0.0,0.0
w372,4923,0.054,0.901,0.045,-0.8472
w373,3119,0.068,0.879,0.053,-0.9077
w374,7036,0.057,0.82,0.122,0.996
w375,1065,0.022,0.918,0.06,0.6369
w376,35,0.0,1.0,0.0,0.0
w377,145,0.0,1.0,0.0,0.0
w378,173,0.0,0.754,0.246,0.7351
w379,35,0.0,1.0,0.0,0.0
w380,236,0.0,0.912,0.088,0.4588
w381,35,0.0,1.0,0.0,0.0
w382,6074,0.031,0.915,0.054,0.9666
w383,8104,0.071,0.866,0.063,-0.9429
w384,276,0.0,1.0,0.0,0.0
w385,3514,0.038,0.832,0.13,0.9943
w386,12539,0.06,0.894,0.046,-0.9678
w387,1454,0.021,0.979,0.0,-0.25
w388,296,0.124,0.814,0.061,-0.4215
w389,355,0.0,1.0,0.0,0.0
w390,493,0.0,0.969,0.031,0.2732
w391,16010,0.05,0.829,0.121,0.9996
w392,12871,0.041,0.839,0.119,0.999
w393,4585,0.062,0.863,0.075,0.6681
w394,17728,0.034,0.874,0.092,0.9991
w395,6799,0.068,0.854,0.078,0.9136
w396,147,0.0,1.0,0.0,0.0
w397,18056,0.037,0.914,0.049,0.9763
w398,7794,0.06,0.808,0.133,0.998
w399,11995,0.035,0.878,0.088,0.9978
w400,10521,0.067,0.853,0.08,0.9336
w401,15914,0.072,0.831,0.098,0.9936
w402,4210,0.034,0.871,0.095,0.9842
w403,120,0.0,1.0,0.0,0.0
w404,174,0.0,1.0,0.0,0.0
w405,9389,0.024,0.912,0.063,0.9952
w406,4172,0.077,0.862,0.062,-0.8038
w407,11215,0.053,0.885,0.062,0.9229
w408,8134,0.083,0.87,0.047,-0.9921
w409,3517,0.055,0.866,0.078,0.9045
w410,6956,0.041,0.924,0.035,-0.5271
w411,6146,0.039,0.904,0.057,0.9622
w412,1471,0.0,1.0,0.0,0.0
w413,6725,0.058,0.902,0.039,-0.9544
w414,23897,0.06,0.856,0.085,0.9975
w415,5583,0.035,0.883,0.083,0.989
w416,159,0.0,1.0,0.0,0.0
w417,8292,0.031,0.911,0.058,0.9742
w418,7110,0.067,0.846,0.086,0.9744
w420,39317,0.06,0.864,0.076,0.9982
w421,7413,0.05,0.887,0.063,0.9168
w422,9580,0.034,0.903,0.063,0.9898
w423,378,0.0,0.941,0.059,0.4588
w424,7783,0.018,0.938,0.044,0.9734
w425,7357,0.057,0.88,0.064,0.81
w426,9443,0.036,0.903,0.062,0.983
w428,9997,0.089,0.865,0.046,-0.9932
w429,62,0.0,1.0,0.0,0.0
w430,16846,0.065,0.829,0.107,0.9982
w431,6501,0.015,0.94,0.044,0.9704
w432,46,0.0,1.0,0.0,0.0
w433,88,0.0,1.0,0.0,0.0
w434,20708,0.053,0.878,0.069,0.9943
w435,19909,0.049,0.897,0.055,0.4343
w436,9149,0.059,0.885,0.056,-0.9599
w437,7159,0.06,0.861,0.079,0.9275
w439,4859,0.068,0.816,0.116,0.9847
w441,229,0.0,0.714,0.286,0.8807
w442,3039,0.025,0.914,0.062,0.9385
w443,3515,0.056,0.866,0.078,0.896
w444,16,0.0,1.0,0.0,0.0
w445,11113,0.04,0.876,0.084,0.9955
w446,1471,0.058,0.942,0.0,-0.6908
w447,4704,0.061,0.857,0.082,0.9467
w448,3303,0.03,0.834,0.136,0.9951
w449,1857,0.063,0.846,0.091,0.7506
w450,275,0.227,0.773,0.0,-0.8126
w451,159,0.0,1.0,0.0,0.0
w453,6480,0.083,0.832,0.085,-0.4278
w454,5469,0.069,0.85,0.081,0.9447
w455,2939,0.063,0.886,0.051,-0.7639
w456,3391,0.094,0.84,0.066,-0.9674
w457,9202,0.063,0.9,0.037,-0.9827
w458,18420,0.132,0.779,0.089,-0.9996
w459,221,0.0,1.0,0.0,0.0
w460,400,0.04,0.917,0.043,0.0516
w461,419,0.039,0.919,0.042,0.0516
w462,11404,0.05,0.899,0.052,-0.1032
w463,9090,0.035,0.906,0.059,0.9895
w465,3756,0.053,0.902,0.045,-0.7712
w466,5627,0.052,0.881,0.066,0.9032
w467,5544,0.047,0.858,0.095,0.9833
w468,1878,0.028,0.922,0.05,0.6249
w469,8920,0.056,0.86,0.084,0.9884
w470,6507,0.056,0.849,0.096,0.9824
w471,88,0.0,1.0,0.0,0.0
w472,102,0.113,0.718,0.169,0.2732
w473,80,0.236,0.764,0.0,-0.5267
w474,159,0.0,1.0,0.0,0.0
w475,11417,0.074,0.875,0.051,-0.994
w476,4445,0.052,0.908,0.04,-0.8609
w477,261,0.0,1.0,0.0,0.0
w479,62,0.0,1.0,0.0,0.0
w480,10064,0.055,0.826,0.119,0.9987
w481,8731,0.062,0.857,0.081,0.9824
w482,8167,0.008,0.884,0.107,0.999
w483,15154,0.064,0.817,0.119,0.999
w484,243,0.0,0.93,0.07,0.34
w485,5971,0.036,0.925,0.039,-0.7543
w486,17606,0.063,0.84,0.097,0.9977
w487,6241,0.016,0.935,0.049,0.9755
w488,5754,0.035,0.914,0.051,0.9016
w489,12184,0.041,0.839,0.12,0.9995
w490,6297,0.042,0.888,0.07,0.9766
w491,240,0.0,1.0,0.0,0.0
w492,116,0.231,0.769,0.0,-0.5859
w494,7678,0.064,0.888,0.047,-0.9795
w496,276,0.107,0.783,0.11,-0.2103
w497,4983,0.065,0.86,0.075,0.4823
w498,9281,0.053,0.873,0.074,0.9846
w499,5928,0.057,0.883,0.06,0.2991
w500,9066,0.088,0.858,0.055,-0.9943
w501,323,0.04,0.96,0.0,-0.1779
w502,8551,0.061,0.891,0.048,-0.9682
w503,289,0.0,1.0,0.0,0.0
w504,7103,0.04,0.861,0.098,0.997
w505,7159,0.019,0.906,0.076,0.9946
w506,159,0.0,1.0,0.0,0.0
w507,8559,0.054,0.891,0.055,-0.9241
w508,10056,0.074,0.876,0.05,-0.9911
w509,159,0.0,1.0,0.0,0.0
w511,11424,0.069,0.849,0.083,0.9664
w512,62,0.0,1.0,0.0,0.0
w513,11423,0.049,0.837,0.113,0.9992
w514,10293,0.049,0.876,0.075,0.9883
w515,19953,0.039,0.881,0.08,0.9991
w516,3653,0.015,0.904,0.081,0.9843
w517,4779,0.109,0.828,0.063,-0.9849
w518,4762,0.112,0.823,0.065,-0.9852
w519,249,0.0,1.0,0.0,0.0
w520,13805,0.106,0.834,0.06,-0.9987
w521,250,0.0,0.935,0.065,0.3182
w522,82,0.0,1.0,0.0,0.0
w523,3957,0.032,0.877,0.091,0.9858
w524,11531,0.12,0.79,0.09,-0.9983
w525,4731,0.045,0.856,0.099,0.9897
w526,13075,0.123,0.788,0.088,-0.9984
w527,202,0.0,1.0,0.0,0.0
w528,9570,0.061,0.868,0.071,0.9042
w529,12853,0.028,0.888,0.084,0.9984
w531,7729,0.048,0.897,0.055,0.899
w532,9065,0.053,0.881,0.066,0.8975
w533,9434,0.121,0.774,0.105,-0.9859
w534,5304,0.025,0.885,0.09,0.9939
w535,12614,0.076,0.854,0.07,-0.9248
w536,12479,0.063,0.881,0.056,-0.8945
w537,6502,0.041,0.892,0.067,0.9507
w538,9952,0.044,0.908,0.048,-0.3045
w539,5410,0.063,0.855,0.082,0.9035
w540,3243,0.07,0.847,0.084,0.4061
w541,5850,0.043,0.87,0.087,0.9877
w542,88,0.0,1.0,0.0,0.0
w543,88,0.0,1.0,0.0,0.0
w544,5077,0.046,0.894,0.06,0.7069
w545,1883,0.067,0.876,0.057,-0.4883
w546,88,0.0,1.0,0.0,0.0
w547,88,0.0,1.0,0.0,0.0
w548,444,0.163,0.837,0.0,-0.6662
w549,3943,0.043,0.785,0.172,0.9982
w550,8319,0.054,0.906,0.04,-0.949
w551,2502,0.095,0.834,0.071,-0.8796
w552,3191,0.114,0.841,0.045,-0.9828
w553,4582,0.045,0.884,0.071,0.9747
w554,851,0.0,1.0,0.0,0.0
w555,9077,0.078,0.833,0.089,0.9505
w556,3491,0.042,0.887,0.071,0.964
w557,4703,0.059,0.867,0.074,0.8827
w558,161,0.0,1.0,0.0,0.0
w559,12751,0.079,0.855,0.066,-0.989
w560,11792,0.059,0.854,0.087,0.9929
w561,9288,0.059,0.882,0.059,-0.8176
w562,202,0.0,1.0,0.0,0.0
w563,9888,0.043,0.904,0.054,0.872
w564,5477,0.006,0.943,0.051,0.9806
w565,6180,0.049,0.832,0.119,0.9976
w566,12151,0.037,0.909,0.053,0.8756
w567,198,0.187,0.813,0.0,-0.6486
w568,2995,0.053,0.894,0.053,-0.0688
w569,4201,0.02,0.914,0.066,0.9816
w570,110,0.0,1.0,0.0,0.0
w571,166,0.0,1.0,0.0,0.0
w572,4851,0.06,0.899,0.04,-0.9337
w573,3512,0.041,0.892,0.067,0.9064
w574,3664,0.015,0.882,0.104,0.9935
w575,7949,0.064,0.784,0.152,0.9992
w576,6919,0.06,0.881,0.058,0.5819
w577,5243,0.082,0.84,0.078,-0.8691
w578,2850,0.08,0.894,0.026,-0.9721
w579,258,0.0,1.0,0.0,0.0
w580,4858,0.047,0.879,0.074,0.9725
w581,721,0.07,0.847,0.083,0.2444
w582,2812,0.069,0.856,0.075,0.4588
w583,6543,0.046,0.894,0.06,0.9081
w584,10022,0.049,0.883,0.067,0.9827
w585,352,0.0,1.0,0.0,0.0
w586,18635,0.025,0.904,0.071,0.9991
w587,11212,0.05,0.893,0.057,-0.6694
w588,8036,0.044,0.897,0.059,0.9439
w589,178,0.0,1.0,0.0,0.0
w590,130,0.107,0.893,0.0,-0.34
w591,4589,0.086,0.855,0.058,-0.9399
w592,8201,0.011,0.888,0.101,0.9988
w593,133,0.149,0.851,0.0,-0.3612
w594,7419,0.021,0.913,0.066,0.9899
w595,8395,0.052,0.865,0.084,0.9903
w596,3457,0.068,0.818,0.114,0.9708
w597,8295,0.078,0.812,0.11,0.9949
w598,4698,0.06,0.898,0.042,-0.9425
w599,1545,0.029,0.94,0.031,0.3774
w601,62,0.0,1.0,0.0,0.0
w602,14532,0.027,0.906,0.067,0.996
w603,109,0.0,1.0,0.0,0.0
w605,62,0.0,1.0,0.0,0.0
w606,8463,0.074,0.886,0.04,-0.9941
w607,12265,0.05,0.879,0.071,0.9834
w608,19081,0.041,0.894,0.066,0.9968
w609,62,0.0,1.0,0.0,0.0
w610,16000,0.045,0.889,0.066,0.9875
w611,19042,0.05,0.904,0.046,-0.9161
w613,49,0.0,0.741,0.259,0.2732
w614,18635,0.018,0.891,0.09,0.9994
w615,159,0.0,1.0,0.0,0.0
w616,49,0.0,0.741,0.259,0.2732
w617,8585,0.06,0.872,0.068,0.2405
w618,5208,0.02,0.828,0.152,0.9987
w619,5796,0.076,0.863,0.061,-0.8472
w620,7458,0.054,0.868,0.078,0.9728
w621,10712,0.019,0.871,0.11,0.9993
w622,5787,0.039,0.892,0.069,0.9817
w623,891,0.0,0.987,0.013,0.128
w624,851,0.027,0.962,0.011,-0.4404
w625,49,0.0,0.741,0.259,0.2732
w626,822,0.022,0.978,0.0,-0.34
w627,159,0.0,1.0,0.0,0.0
w628,159,0.0,1.0,0.0,0.0
w629,5247,0.055,0.836,0.109,0.9892
w630,19034,0.073,0.812,0.115,0.9992
w631,318,0.0,1.0,0.0,0.0
w632,1871,0.063,0.847,0.091,0.7506
w633,8391,0.077,0.831,0.092,0.9608
w634,4632,0.059,0.896,0.045,-0.8296
w635,1863,0.062,0.836,0.102,0.8402
w636,1784,0.0,1.0,0.0,0.0
w637,2258,0.0,1.0,0.0,0.0
w638,1235,0.0,1.0,0.0,0.0
w639,1855,0.063,0.845,0.092,0.7506
w640,4558,0.084,0.832,0.085,-0.8071
w641,4056,0.046,0.876,0.078,0.9633
w642,8762,0.057,0.877,0.065,-0.4605
w643,3472,0.023,0.923,0.053,0.9634
w644,5202,0.057,0.851,0.092,0.9768
w645,2258,0.0,1.0,0.0,0.0
w646,3793,0.041,0.928,0.031,-0.6059
w648,88,0.0,1.0,0.0,0.0
w740,90,0.0,1.0,0.0,0.0
w743,5629,0.03,0.866,0.104,0.9965
w745,8007,0.042,0.905,0.053,0.8177
w749,123,0.0,1.0,0.0,0.0
w756,186,0.0,1.0,0.0,0.0
w757,9282,0.067,0.858,0.075,0.9716
w758,156,0.0,0.914,0.086,0.1779
w759,175,0.103,0.798,0.099,-0.0263
w760,11428,0.056,0.852,0.092,0.9936
w761,10854,0.104,0.78,0.115,0.8719
w762,3454,0.075,0.817,0.108,0.9497
w763,16,0.0,1.0,0.0,0.0
w764,5671,0.027,0.887,0.086,0.9955
w765,6619,0.117,0.787,0.096,-0.9843
w766,2551,0.058,0.906,0.036,-0.8202
w767,159,0.0,1.0,0.0,0.0
w768,3355,0.06,0.837,0.104,0.9717
w769,8739,0.029,0.884,0.087,0.9942
w770,12911,0.048,0.838,0.114,0.9989
w771,10847,0.037,0.875,0.088,0.9964
w772,9764,0.041,0.863,0.096,0.9962
w773,5049,0.031,0.855,0.114,0.9956
w774,5331,0.041,0.845,0.114,0.996
w775,8883,0.035,0.868,0.097,0.9983
w776,9688,0.044,0.857,0.099,0.9975
w777,348,0.0,1.0,0.0,0.0
w778,12245,0.121,0.768,0.111,-0.9883
w779,91,0.0,1.0,0.0,0.0
w780,9374,0.074,0.851,0.075,-0.6028
w786,229,0.0,0.714,0.286,0.8807
w787,8569,0.054,0.865,0.081,0.9854
w788,7476,0.072,0.862,0.066,-0.9492
w789,568,0.0,1.0,0.0,0.0
w790,5524,0.05,0.825,0.126,0.9964
w791,11227,0.075,0.849,0.076,0.8171
w792,11239,0.107,0.822,0.071,-0.9979
w793,100,0.0,1.0,0.0,0.0
w794,7448,0.109,0.831,0.06,-0.9966
w795,6896,0.059,0.859,0.082,0.6387
w796,2855,0.006,0.917,0.077,0.9694
w797,193,0.0,1.0,0.0,0.0
w798,6444,0.103,0.844,0.052,-0.9951
w799,3999,0.039,0.876,0.085,0.9724
w801,10564,0.003,0.934,0.063,0.9972
w802,169,0.18,0.82,0.0,-0.5267
w804,221,0.0,1.0,0.0,0.0
w805,11897,0.089,0.817,0.093,0.6702
w806,3538,0.039,0.892,0.069,0.9346
w807,29771,0.126,0.796,0.078,-0.9998
w808,4064,0.042,0.891,0.067,0.8966
w809,13571,0.063,0.855,0.082,0.9925
w810,10031,0.049,0.882,0.069,0.9858
w811,7084,0.069,0.839,0.092,0.9688
w812,7514,0.077,0.866,0.057,-0.9518
w813,229,0.0,0.714,0.286,0.8807
w814,11525,0.038,0.912,0.05,0.9193
w815,6233,0.062,0.874,0.064,-0.702
w817,6352,0.128,0.777,0.095,-0.9937
w818,1440,0.027,0.865,0.108,0.9186
w819,5381,0.064,0.885,0.051,-0.8615
w820,12642,0.051,0.892,0.057,0.818
w821,5267,0.054,0.88,0.066,0.6805
w822,3361,0.038,0.917,0.045,0.4329
w823,7342,0.075,0.838,0.087,0.7695
w824,598,0.043,0.837,0.121,0.4588
w825,7028,0.062,0.842,0.095,0.9831
w826,67,0.0,1.0,0.0,0.0
w827,7253,0.073,0.834,0.094,0.7769
w828,11636,0.042,0.879,0.079,0.9971
w829,4423,0.05,0.893,0.057,0.8193
w830,5431,0.086,0.84,0.075,-0.7764
w831,1940,0.034,0.886,0.08,0.9199
w832,3995,0.01,0.919,0.07,0.9871
w833,25,0.0,1.0,0.0,0.0
w834,3338,0.052,0.858,0.09,0.9479
w835,851,0.0,1.0,0.0,0.0
w836,4750,0.098,0.862,0.04,-0.9918
w837,851,0.0,1.0,0.0,0.0
w838,6636,0.08,0.859,0.062,-0.9812
w839,3159,0.029,0.851,0.12,0.9905
w840,9562,0.07,0.851,0.079,0.8931
w841,5777,0.074,0.822,0.103,0.9823
w842,2147,0.101,0.797,0.102,0.1005
w843,851,0.0,1.0,0.0,0.0
w844,8775,0.109,0.805,0.086,-0.9881
w845,7176,0.104,0.828,0.069,-0.994
w846,1683,0.07,0.85,0.08,0.3031
w847,1685,0.011,0.908,0.081,0.925
w848,1544,0.0,0.956,0.044,0.8611
w849,88,0.0,1.0,0.0,0.0
w850,88,0.0,1.0,0.0,0.0
w851,88,0.0,1.0,0.0,0.0
w852,88,0.0,1.0,0.0,0.0
w853,6882,0.036,0.863,0.101,0.9948
w854,4282,0.053,0.897,0.049,0.0652
w855,4362,0.055,0.896,0.049,0.0652
w856,7211,0.043,0.91,0.047,-0.7714
w857,3817,0.083,0.841,0.076,-0.6299
w858,338,0.0,0.938,0.062,0.25
w859,338,0.0,0.938,0.062,0.25
w860,338,0.0,0.938,0.062,0.25
w861,150,0.0,0.881,0.119,0.4019
w862,10251,0.068,0.865,0.066,-0.8549
w863,31,0.0,1.0,0.0,0.0
w864,5869,0.043,0.877,0.08,0.9812
w865,185,0.0,1.0,0.0,0.0
w866,261,0.0,1.0,0.0,0.0
w867,2437,0.041,0.91,0.048,-0.1984
w868,6120,0.081,0.83,0.089,0.5094
w869,1310,0.021,0.942,0.037,0.3182
w872,2230,0.023,0.882,0.095,0.9702
w873,1699,0.045,0.878,0.077,0.7212
w874,1660,0.033,0.916,0.051,0.6548
w875,14391,0.079,0.848,0.073,-0.9905
w876,727,0.04,0.919,0.04,0.0
w877,2281,0.152,0.827,0.02,-0.9948
w878,1751,0.012,0.971,0.018,0.1154
w879,1613,0.079,0.838,0.083,-0.0433
w880,1676,0.01,0.99,0.0,-0.296
w881,7018,0.079,0.825,0.096,0.959
w882,12645,0.059,0.845,0.096,0.9965
w883,6468,0.032,0.876,0.092,0.9927
w884,3241,0.033,0.831,0.136,0.9945
w885,1524,0.096,0.881,0.023,-0.9524
w886,1744,0.022,0.93,0.048,0.6704
w887,4244,0.041,0.892,0.067,0.9627
w888,3097,0.049,0.874,0.078,0.9297
w889,3785,0.046,0.826,0.128,0.9906
w890,4468,0.057,0.829,0.115,0.9827
w891,1647,0.042,0.875,0.083,0.8037
w892,1715,0.011,0.883,0.107,0.964
w895,218,0.096,0.904,0.0,-0.4939
w896,4710,0.085,0.851,0.064,-0.9568
w897,6052,0.078,0.858,0.064,-0.9775
w898,4740,0.06,0.873,0.067,0.5734
w899,5278,0.052,0.833,0.115,0.9948
w900,4987,0.059,0.867,0.074,0.9348
w901,2746,0.056,0.909,0.035,-0.871
w902,3062,0.117,0.834,0.049,-0.9911
w903,11286,0.034,0.893,0.074,0.9945
w904,7603,0.059,0.851,0.09,0.9913
w905,3188,0.103,0.824,0.073,-0.9583
w906,99,0.0,1.0,0.0,0.0
w907,18,0.0,1.0,0.0,0.0
w908,153,0.098,0.902,0.0,-0.34
w909,3888,0.08,0.9,0.02,-0.9885
w910,6586,0.059,0.855,0.087,0.9923
w911,6095,0.045,0.874,0.081,0.9862
w912,5301,0.079,0.855,0.066,-0.9336
w913,2759,0.069,0.909,0.022,-0.9717
w914,5000,0.067,0.834,0.099,0.9841
w915,6823,0.058,0.844,0.098,0.9941
w916,205,0.0,1.0,0.0,0.0
w917,228,0.116,0.884,0.0,-0.5267
w918,7029,0.046,0.848,0.106,0.9947
w919,3970,0.041,0.888,0.07,0.9661
w920,4428,0.054,0.877,0.069,0.8415
w922,2501,0.042,0.929,0.029,-0.7351
w924,15259,0.071,0.841,0.088,0.9919
w925,8124,0.012,0.883,0.106,0.9989
w926,6836,0.059,0.847,0.094,0.9913
w927,1603,0.0,0.982,0.018,0.4939
w928,8082,0.021,0.873,0.107,0.9987
w929,8,0.0,1.0,0.0,0.0
w930,3490,0.065,0.908,0.026,-0.9287
w931,150,0.134,0.866,0.0,-0.4767
w932,8186,0.008,0.871,0.122,0.9993
w933,100,0.0,1.0,0.0,0.0
w934,279,0.029,0.842,0.128,0.6908
w935,339,0.051,0.906,0.044,-0.1111
w936,8891,0.031,0.932,0.036,0.4588
w937,175,0.175,0.825,0.0,-0.6249
w938,10388,0.056,0.86,0.084,0.9918
w939,8010,0.088,0.825,0.088,0.7189
w940,6065,0.03,0.908,0.062,0.9796
w941,6230,0.031,0.875,0.094,0.9952
w942,8123,0.025,0.872,0.103,0.9984
w943,8261,0.026,0.868,0.107,0.9986
w944,20905,0.061,0.861,0.077,0.996
w945,4627,0.081,0.847,0.072,-0.8169
w947,14399,0.06,0.813,0.126,0.9994
w948,147,0.0,1.0,0.0,0.0
w949,22405,0.06,0.87,0.07,0.9771
w950,181,0.167,0.833,0.0,-0.7184
w951,1662,0.055,0.919,0.026,-0.8126
w952,7017,0.078,0.848,0.074,-0.8951
w953,9865,0.081,0.852,0.067,-0.978
w954,9993,0.072,0.862,0.066,-0.9775
w955,145,0.105,0.65,0.245,0.4404
w956,8,0.0,1.0,0.0,0.0
w957,1566,0.044,0.843,0.113,0.9468
w958,7166,0.067,0.831,0.103,0.9895
w959,6794,0.075,0.861,0.064,-0.8702
w960,6290,0.058,0.856,0.086,0.9826
w961,6152,0.02,0.946,0.035,0.836
w962,6881,0.03,0.904,0.066,0.9848
w963,7182,0.062,0.854,0.085,0.9819
w964,305,0.0,0.826,0.174,0.765
w965,9220,0.088,0.846,0.066,-0.9924
w966,8053,0.055,0.82,0.125,0.9985
w967,12033,0.052,0.865,0.083,0.99
w968,100,0.0,1.0,0.0,0.0
w970,8512,0.067,0.845,0.088,0.9828
w971,6738,0.03,0.894,0.076,0.9936
w972,11485,0.096,0.789,0.114,0.9874
w973,5668,0.072,0.837,0.091,0.9331
w974,6582,0.009,0.899,0.092,0.9976
w975,3022,0.03,0.805,0.165,0.9975
w976,10330,0.08,0.814,0.106,0.9937
w977,159,0.0,1.0,0.0,0.0
w978,6784,0.048,0.849,0.103,0.9954
w979,5613,0.056,0.868,0.076,0.9575
w980,12883,0.037,0.864,0.099,0.9987
w981,7012,0.079,0.812,0.109,0.9846
w982,9053,0.074,0.817,0.109,0.9938
w983,159,0.0,1.0,0.0,0.0
w984,98,0.0,0.851,0.149,0.2732
w985,2471,0.021,0.944,0.035,0.6124
w986,11548,0.139,0.795,0.067,-0.9995
w987,10011,0.068,0.86,0.072,-0.963
w988,5970,0.039,0.825,0.137,0.9981
w989,2662,0.067,0.895,0.039,-0.9253
w990,11979,0.027,0.882,0.091,0.9981
w991,851,0.026,0.974,0.0,-0.4404
w992,1048,0.0,0.869,0.131,0.9601
w993,161,0.0,1.0,0.0,0.0
w994,7209,0.065,0.866,0.07,0.6695
w995,8286,0.11,0.802,0.088,-0.9889
w996,6830,0.03,0.901,0.069,0.9853
w997,8965,0.065,0.886,0.049,-0.9784
w998,276,0.0,1.0,0.0,0.0
w999,617,0.021,0.901,0.079,0.7263
w1000,1644,0.01,0.861,0.129,0.9665
w1001,473,0.0,0.964,0.036,0.2732
w1002,3317,0.066,0.829,0.105,0.9555
w1003,1490,0.027,0.973,0.0,-0.3818
w1004,294,0.0,0.939,0.061,0.3818
w1005,293,0.071,0.929,0.0,-0.4404
w1006,72,0.0,0.804,0.196,0.296
w1007,356,0.0,1.0,0.0,0.0
w1008,9314,0.09,0.834,0.077,-0.979
w1009,512,0.0,0.969,0.031,0.2732
w1010,13441,0.138,0.764,0.097,-0.9987
w1011,7260,0.077,0.87,0.053,-0.9813
w1012,356,0.0,1.0,0.0,0.0
w1013,4355,0.061,0.827,0.111,0.9862
w1014,8304,0.128,0.793,0.08,-0.9949
w1015,5565,0.068,0.85,0.082,0.8697
w1017,178,0.0,1.0,0.0,0.0
w1018,3068,0.018,0.916,0.066,0.9485
w1019,3726,0.04,0.931,0.029,-0.7567
w1020,250,0.0,1.0,0.0,0.0
w1021,36,0.0,1.0,0.0,0.0
w1022,4679,0.111,0.83,0.059,-0.9873
w1023,4671,0.117,0.815,0.068,-0.987
w1024,4577,0.095,0.844,0.061,-0.9733
w1025,36,0.0,1.0,0.0,0.0
w1026,3306,0.041,0.88,0.079,0.9432
w1027,6878,0.033,0.88,0.087,0.9902
w1028,186,0.0,0.791,0.209,0.7003
w1029,4609,0.108,0.818,0.074,-0.9756
w1030,3217,0.024,0.909,0.067,0.9476
w1031,3228,0.065,0.853,0.083,0.9662
w1032,3547,0.028,0.85,0.122,0.9946
w1033,3441,0.03,0.812,0.158,0.9973
w1034,3518,0.056,0.837,0.107,0.9826
w1035,4242,0.047,0.861,0.092,0.9874
w1037,3278,0.065,0.83,0.106,0.9625
w1039,7855,0.061,0.857,0.082,0.9356
w1040,12803,0.041,0.877,0.082,0.9975
w1041,12522,0.059,0.819,0.122,0.9992
w1042,2872,0.066,0.888,0.046,-0.9136
w1043,5178,0.035,0.881,0.083,0.9836
w1044,1345,0.008,0.942,0.05,0.7877
w1045,4902,0.044,0.853,0.103,0.9936
w1046,24063,0.059,0.855,0.085,0.9977
w1047,11821,0.048,0.847,0.105,0.9986
w1048,8186,0.097,0.799,0.104,0.9591
w1049,8850,0.061,0.865,0.074,0.9641
w1050,8205,0.061,0.855,0.084,0.9719
w1051,10399,0.068,0.854,0.078,0.961
w1052,3694,0.039,0.893,0.069,0.9168
w1053,3188,0.021,0.905,0.074,0.9705
w1055,11734,0.054,0.891,0.055,-0.5953
w1056,451,0.073,0.889,0.039,-0.3182
w1057,19711,0.049,0.849,0.102,0.9995
w1058,1438,0.047,0.822,0.131,0.93
w1059,10188,0.051,0.881,0.068,0.9677
w1060,6948,0.1,0.793,0.107,0.7807
w1061,12667,0.073,0.853,0.074,0.2187
w1062,32889,0.102,0.833,0.065,-0.9994
w1063,9586,0.073,0.878,0.049,-0.9904
w1064,230,0.0,0.714,0.286,0.8807
w1065,8868,0.089,0.802,0.109,0.9887
w1066,8870,0.038,0.88,0.082,0.9948
w1067,7432,0.026,0.917,0.056,0.9844
w1068,10042,0.058,0.877,0.064,-0.2821
w1070,89,0.0,1.0,0.0,0.0
w1071,47,0.0,1.0,0.0,0.0
w1072,89,0.0,1.0,0.0,0.0
w1073,3900,0.044,0.898,0.058,0.7983
w1074,4713,0.072,0.83,0.098,0.9431
w1075,2629,0.055,0.849,0.096,0.9403
w1076,1626,0.012,0.904,0.084,0.925
w1077,3674,0.082,0.838,0.079,-0.41
w1078,99,0.0,1.0,0.0,0.0
w1079,17469,0.063,0.85,0.087,0.9971
w1080,6229,0.035,0.847,0.119,0.9977
w1081,5039,0.062,0.85,0.088,0.9572
w1082,4739,0.065,0.896,0.039,-0.9619
w1083,9787,0.051,0.842,0.107,0.9984
w1084,14170,0.064,0.887,0.049,-0.9843
w1085,8186,0.036,0.88,0.084,0.9954
w1086,5359,0.026,0.881,0.093,0.9942
w1087,5593,0.052,0.835,0.114,0.9948
w1088,26,0.0,1.0,0.0,0.0
w1089,3257,0.054,0.844,0.102,0.971
w1090,8985,0.07,0.788,0.142,0.9988
w1091,7716,0.058,0.804,0.138,0.9987
w1092,162,0.0,1.0,0.0,0.0
w1093,852,0.0,1.0,0.0,0.0
w1094,5347,0.051,0.865,0.084,0.9824
w1096,5722,0.04,0.871,0.089,0.9932
w1097,13797,0.066,0.848,0.087,0.9735
w1098,4274,0.021,0.916,0.063,0.9851
w1099,9289,0.034,0.852,0.114,0.9991
w1101,1660,0.035,0.884,0.082,0.8635
w1102,720,0.042,0.916,0.042,0.0
w1103,89,0.0,1.0,0.0,0.0
w1104,735,0.113,0.849,0.038,-0.6981
w1105,89,0.0,1.0,0.0,0.0
w1106,4754,0.036,0.867,0.097,0.9901
w1107,3232,0.052,0.874,0.074,0.9027
w1108,1708,0.0,1.0,0.0,0.0
w1109,5063,0.064,0.851,0.085,0.9089
w1110,1600,0.028,0.964,0.008,-0.5267
w1111,3627,0.014,0.931,0.055,0.9628
w1112,89,0.0,1.0,0.0,0.0
w1113,89,0.0,1.0,0.0,0.0
w1114,89,0.0,1.0,0.0,0.0
w1115,6366,0.047,0.896,0.057,0.1145
w1116,3884,0.077,0.825,0.098,0.9154
w1117,6578,0.046,0.849,0.105,0.9957
w1118,1658,0.011,0.859,0.13,0.9751
w1119,1554,0.0,0.926,0.074,0.9409
w1120,1614,0.012,0.875,0.113,0.9586
w1121,4052,0.011,0.897,0.092,0.9937
w1122,1565,0.044,0.844,0.112,0.9468
w1123,126,0.0,1.0,0.0,0.0
w1124,101,0.0,1.0,0.0,0.0
w1125,13524,0.059,0.849,0.092,0.9948
w1126,11294,0.033,0.821,0.146,0.9996
w1127,4310,0.063,0.862,0.075,0.5854
w1128,5220,0.034,0.897,0.069,0.9796
w1129,17121,0.087,0.796,0.117,0.9979
w1130,13765,0.106,0.801,0.093,-0.9911
w1131,25,0.0,1.0,0.0,0.0
w1132,25,0.0,1.0,0.0,0.0
w1133,129,0.076,0.831,0.093,0.09
w1134,13225,0.149,0.779,0.072,-0.9986
w1135,7606,0.059,0.855,0.087,0.9881
w1136,4739,0.055,0.911,0.033,-0.9559
w1137,156,0.0,0.925,0.075,0.0772
w1138,6695,0.097,0.79,0.113,0.9576
w1139,4631,0.046,0.846,0.108,0.992
w1140,4791,0.042,0.932,0.026,-0.8895
w1141,7157,0.103,0.827,0.07,-0.9946
w1142,2083,0.06,0.925,0.015,-0.907
w1143,4781,0.042,0.932,0.026,-0.8895
w1145,1540,0.019,0.936,0.045,0.7757
w1146,12922,0.093,0.743,0.164,0.9993
w1147,8109,0.018,0.877,0.104,0.9986
w1148,10136,0.057,0.858,0.085,0.9925
w1149,302,0.142,0.701,0.157,-0.0772
w1150,5185,0.022,0.881,0.097,0.9942
w1151,1666,0.044,0.922,0.033,-0.5719
w1152,5746,0.044,0.863,0.093,0.9898
w1153,4859,0.032,0.916,0.052,0.9014
w1154,6117,0.12,0.817,0.063,-0.9946
w1156,164,0.216,0.784,0.0,-0.7845
w1157,2231,0.07,0.867,0.063,0.6159
w1158,12694,0.034,0.865,0.101,0.999
w1159,1574,0.044,0.825,0.131,0.9666
w1160,101,0.0,1.0,0.0,0.0
w1161,15867,0.065,0.811,0.124,0.9991
w1162,226,0.15,0.85,0.0,-0.6486
w1163,8104,0.008,0.885,0.107,0.999
w1164,9069,0.035,0.879,0.086,0.9949
w1165,18820,0.075,0.809,0.116,0.9988
w1166,8269,0.025,0.863,0.111,0.9988
w1167,119,0.0,1.0,0.0,0.0
w1168,305,0.0,1.0,0.0,0.0
w1169,8478,0.028,0.885,0.088,0.9971
w1170,4843,0.074,0.858,0.068,-0.811
w1172,1236,0.0,1.0,0.0,0.0
w1173,7143,0.025,0.865,0.11,0.9985
w1174,99,0.0,0.851,0.149,0.2732
w1175,99,0.0,0.851,0.149,0.2732
w1176,160,0.0,1.0,0.0,0.0
w1177,7198,0.043,0.86,0.097,0.9958
w1178,9701,0.074,0.835,0.091,0.9445
w1179,10055,0.037,0.869,0.094,0.9976
w1180,16210,0.05,0.861,0.089,0.9984
w1181,9356,0.051,0.845,0.105,0.9969
w1182,63,0.0,1.0,0.0,0.0
w1183,110,0.0,1.0,0.0,0.0
w1184,16197,0.03,0.897,0.073,0.9987
w1185,10010,0.079,0.858,0.064,-0.9812
w1186,13397,0.075,0.821,0.105,0.9951
w1187,8491,0.077,0.829,0.094,0.8763
w1188,10619,0.04,0.9,0.061,0.967
w1189,8005,0.026,0.912,0.062,0.9918
w1190,8761,0.052,0.831,0.118,0.9981
w1191,21284,0.093,0.852,0.055,-0.9993
w1192,5453,0.093,0.808,0.099,0.7267
w1193,101,0.0,1.0,0.0,0.0
w1194,36,0.0,1.0,0.0,0.0
w1195,178,0.0,1.0,0.0,0.0
w1196,36,0.0,1.0,0.0,0.0
w1197,36,0.0,1.0,0.0,0.0
w1198,509,0.0,0.92,0.08,0.6369
w1199,1011,0.044,0.862,0.094,0.6908
w1200,10669,0.091,0.776,0.133,0.9977
w1201,3132,0.032,0.889,0.079,0.9565
w1202,10409,0.039,0.843,0.118,0.9991
w1203,349,0.0,1.0,0.0,0.0
w1204,5154,0.029,0.892,0.079,0.9858
w1205,8332,0.055,0.828,0.116,0.9947
w1206,12155,0.054,0.818,0.128,0.9992
w1207,126,0.0,1.0,0.0,0.0
w1208,1603,0.019,0.85,0.131,0.9622
w1209,10224,0.046,0.887,0.067,0.9837
w1210,5759,0.086,0.81,0.104,0.9426
w1211,9969,0.064,0.877,0.06,-0.9367
w1212,6552,0.051,0.844,0.105,0.9949
w1213,133,0.143,0.759,0.098,-0.2481
w1214,4455,0.092,0.85,0.058,-0.9785
w1215,7657,0.043,0.88,0.078,0.9902
w1216,95,0.0,1.0,0.0,0.0
w1217,2387,0.051,0.909,0.04,-0.6239
w1218,9656,0.085,0.861,0.054,-0.9959
w1219,7423,0.054,0.857,0.09,0.9887
w1220,262,0.0,1.0,0.0,0.0
w1221,3295,0.048,0.91,0.043,-0.3907
w1222,4545,0.018,0.908,0.074,0.9844
w1223,25,0.0,1.0,0.0,0.0
w1224,12828,0.077,0.842,0.081,-0.8921
w1225,344,0.0,0.938,0.062,0.4588
w1226,4713,0.058,0.847,0.096,0.9871
w1227,3242,0.044,0.889,0.067,0.8967
w1229,852,0.0,1.0,0.0,0.0
w1230,9544,0.09,0.803,0.107,0.9709
w1231,230,0.0,0.714,0.286,0.8807
w1232,408,0.038,0.831,0.132,0.7184
w1233,6293,0.049,0.875,0.077,0.9773
w1234,6860,0.074,0.806,0.121,0.9929
w1235,6776,0.075,0.839,0.085,0.9409
w1236,8351,0.064,0.885,0.051,-0.9616
w1237,9698,0.057,0.888,0.055,-0.7635
w1238,77,0.214,0.786,0.0,-0.4588
w1239,8239,0.066,0.889,0.045,-0.9806
w1240,569,0.0,1.0,0.0,0.0
w1241,6392,0.09,0.839,0.071,-0.9677
w1242,10459,0.055,0.866,0.079,0.9901
w1243,5460,0.056,0.843,0.1,0.9873
w1244,7829,0.098,0.8,0.101,-0.8213
w1245,97,0.0,1.0,0.0,0.0
w1247,8248,0.017,0.872,0.111,0.999
w1248,4818,0.058,0.876,0.066,0.7079
w1249,5043,0.044,0.867,0.089,0.9851
w1250,134,0.0,1.0,0.0,0.0
w1251,141,0.0,1.0,0.0,0.0
w1252,100,0.0,0.809,0.191,0.5106
w1253,25,0.0,1.0,0.0,0.0
w1254,167,0.0,1.0,0.0,0.0
w1255,3123,0.058,0.907,0.035,-0.8611
w1256,2594,0.053,0.874,0.073,0.876
w1257,3449,0.086,0.886,0.028,-0.9866
w1258,2306,0.066,0.889,0.045,-0.7632
w1259,247,0.0,0.829,0.171,0.7351
w1260,214,0.0,0.875,0.125,0.5106
w1261,252,0.048,0.952,0.0,-0.1027
w1262,222,0.132,0.868,0.0,-0.5423
w1263,1630,0.012,0.904,0.084,0.925
w1264,10058,0.067,0.836,0.096,0.9932
w1265,5875,0.044,0.851,0.105,0.9939
w1266,2361,0.038,0.886,0.076,0.8957
w1267,1332,0.06,0.926,0.014,-0.8074
w1268,89,0.0,1.0,0.0,0.0
w1269,4533,0.02,0.908,0.072,0.9883
w1270,89,0.0,1.0,0.0,0.0
w1271,19636,0.107,0.776,0.117,0.9837
w1272,12400,0.048,0.863,0.089,0.9971
w1273,5720,0.063,0.865,0.072,0.7905
w1274,2126,0.016,0.917,0.067,0.9111
w1275,1582,0.011,0.839,0.15,0.9804
w1277,32,0.0,1.0,0.0,0.0
w1278,109,0.0,1.0,0.0,0.0
w1280,7313,0.088,0.84,0.072,-0.9767
w1281,11056,0.029,0.871,0.101,0.9981
w1282,63,0.0,1.0,0.0,0.0
w1283,17807,0.027,0.899,0.074,0.999
w1284,15643,0.018,0.929,0.053,0.9977
w1285,9995,0.079,0.878,0.043,-0.9922
w1286,1581,0.018,0.964,0.018,0.0
w1287,155,0.081,0.919,0.0,-0.296
w1288,10412,0.056,0.866,0.078,0.9889
w1289,5232,0.056,0.854,0.09,0.978
w1290,9,0.0,1.0,0.0,0.0
w1291,5152,0.04,0.838,0.123,0.9964
w1292,8343,0.029,0.852,0.119,0.9985
w1293,9,0.0,1.0,0.0,0.0
w1294,8262,0.026,0.868,0.107,0.9986
w1295,8151,0.052,0.88,0.068,0.9572
w1296,1586,0.05,0.849,0.102,0.9246
w1298,1454,0.0,1.0,0.0,0.0
w1299,5394,0.065,0.881,0.054,-0.9355
w1300,6070,0.074,0.862,0.064,-0.1326
w1301,111,0.0,0.857,0.143,0.25
w1302,111,0.0,1.0,0.0,0.0
w1303,6821,0.066,0.834,0.1,0.9886
w1304,8238,0.07,0.835,0.094,0.9871
w1305,12037,0.054,0.845,0.102,0.9958
w1306,356,0.0,1.0,0.0,0.0
w1307,106,0.0,0.872,0.128,0.2263
w1308,6633,0.036,0.836,0.128,0.998
w1309,6227,0.051,0.829,0.119,0.9967
w1310,162,0.0,1.0,0.0,0.0
w1311,13413,0.084,0.808,0.108,0.993
w1312,6648,0.108,0.833,0.06,-0.9953
w1313,9781,0.026,0.86,0.114,0.9987
w1314,7137,0.038,0.877,0.085,0.9912
w1315,15347,0.039,0.842,0.118,0.9995
w1316,7370,0.029,0.846,0.124,0.9989
w1317,243,0.0,1.0,0.0,0.0
w1318,7414,0.035,0.855,0.109,0.9979
w1319,2879,0.07,0.897,0.033,-0.9356
w1321,5712,0.07,0.838,0.092,0.9253
w1322,852,0.0,1.0,0.0,0.0
w1323,7667,0.089,0.799,0.112,0.9761
w1324,1923,0.019,0.829,0.153,0.9844
w1325,1940,0.041,0.885,0.074,0.7798
w1326,7407,0.033,0.864,0.103,0.9976
w1327,147,0.0,1.0,0.0,0.0
w1328,26540,0.032,0.919,0.049,0.9897
w1329,8860,0.064,0.843,0.093,0.9916
w1330,6713,0.059,0.892,0.05,-0.8112
w1331,6780,0.082,0.85,0.068,-0.9625
w1332,4083,0.076,0.861,0.063,-0.8685
w1333,5410,0.044,0.886,0.07,0.9347
w1334,4000,0.041,0.862,0.097,0.9841
w1335,101,0.0,1.0,0.0,0.0
w1336,10146,0.032,0.828,0.14,0.9996
w1337,2917,0.011,0.905,0.083,0.9783
w1338,170,0.13,0.817,0.053,-0.3818
w1339,13894,0.017,0.88,0.103,0.9996
w1340,8146,0.064,0.835,0.1,0.9898
w1341,10627,0.055,0.879,0.065,0.9562
w1342,3699,0.088,0.816,0.097,0.8316
w1343,8950,0.033,0.92,0.047,0.9248
w1345,155,0.0,1.0,0.0,0.0
w1346,4726,0.09,0.836,0.074,-0.8396
w1347,1460,0.066,0.812,0.122,0.8228
w1348,4688,0.061,0.859,0.08,0.8871
w1349,5334,0.072,0.839,0.089,0.8819
w1350,3734,0.075,0.869,0.056,-0.8307
w1351,5842,0.085,0.852,0.063,-0.9617
w1352,196,0.0,0.941,0.059,0.25
w1353,121,0.0,0.939,0.061,0.0772
w1354,6649,0.082,0.783,0.135,0.9968
w1355,9780,0.018,0.9,0.082,0.9955
w1356,7446,0.081,0.823,0.096,0.2808
w1357,118,0.0,1.0,0.0,0.0
w1358,106,0.0,1.0,0.0,0.0
w1359,100,0.0,1.0,0.0,0.0
w1360,12731,0.15,0.773,0.077,-0.9983
w1361,4284,0.009,0.846,0.144,0.9982
w1362,224,0.053,0.947,0.0,-0.1027
w1363,206,0.058,0.833,0.108,0.296
w1364,2987,0.036,0.9,0.063,0.8241
w1365,3969,0.02,0.855,0.124,0.9973
w1366,1367,0.035,0.888,0.077,0.7684
w1367,1690,0.029,0.889,0.082,0.8964
w1368,3958,0.029,0.906,0.065,0.9725
w1369,89,0.0,1.0,0.0,0.0
w1370,1676,0.011,0.87,0.119,0.9597
w1371,2438,0.083,0.869,0.047,-0.8979
w1372,13569,0.076,0.83,0.094,0.9905
w1373,5582,0.059,0.84,0.102,0.9824
w1374,98,0.123,0.877,0.0,-0.2732
w1375,262,0.0,1.0,0.0,0.0
w1376,5578,0.084,0.849,0.067,-0.9131
w1377,234,0.0,1.0,0.0,0.0
w1378,111,0.146,0.854,0.0,-0.4404
w1379,8207,0.117,0.772,0.111,-0.6213
w1380,3910,0.134,0.722,0.144,0.85
w1382,356,0.0,1.0,0.0,0.0
w1383,243,0.0,1.0,0.0,0.0
w1384,5140,0.05,0.858,0.092,0.9835
w1385,5076,0.045,0.859,0.096,0.9948
w1386,3908,0.066,0.82,0.114,0.976
w1387,400,0.028,0.909,0.062,0.4215
w1388,11373,0.042,0.856,0.101,0.9979
w1389,99,0.0,0.851,0.149,0.2732
w1391,63,0.0,1.0,0.0,0.0
w1392,10049,0.05,0.841,0.109,0.9985
w1393,17619,0.044,0.864,0.092,0.9993
w1394,12802,0.069,0.837,0.093,0.9926
w1395,110,0.0,1.0,0.0,0.0
w1396,1405,0.033,0.881,0.086,0.8573
w1397,17171,0.026,0.921,0.053,0.9965
w1398,5843,0.092,0.84,0.067,-0.9694
w1399,305,0.0,1.0,0.0,0.0
w1400,10496,0.044,0.845,0.11,0.999
w1401,20321,0.048,0.855,0.097,0.9992
w1402,21675,0.06,0.845,0.095,0.9988
w1403,11311,0.045,0.828,0.127,0.9994
w1404,101,0.0,1.0,0.0,0.0
w1405,1629,0.076,0.898,0.026,-0.9231
w1406,3772,0.114,0.844,0.042,-0.9891
w1407,209,0.062,0.938,0.0,-0.25
w1408,4257,0.096,0.84,0.063,-0.9541
w1409,4046,0.072,0.887,0.041,-0.9624
w1410,8151,0.029,0.869,0.103,0.9981
w1411,9664,0.059,0.796,0.145,0.9994
w1413,1953,0.019,0.847,0.134,0.9788
w1414,13740,0.086,0.836,0.078,-0.9666
w1415,6989,0.044,0.907,0.049,0.3114
w1416,12365,0.037,0.895,0.068,0.9874
w1417,3771,0.046,0.839,0.114,0.9919
w1418,204,0.0,1.0,0.0,0.0
w1419,7945,0.039,0.826,0.134,0.9991
w1420,3375,0.038,0.907,0.055,0.7645
w1421,3658,0.028,0.902,0.07,0.9574
w1422,4991,0.06,0.874,0.066,0.8048
w1423,3138,0.058,0.874,0.067,0.3182
w1424,4828,0.095,0.831,0.074,-0.954
w1425,177,0.0,1.0,0.0,0.0
w1426,5075,0.059,0.819,0.122,0.9957
w1427,92,0.0,1.0,0.0,0.0
w1428,12436,0.096,0.818,0.086,-0.9823
w1429,7876,0.073,0.862,0.064,-0.349
w1430,3302,0.027,0.832,0.141,0.9959
w1431,17780,0.038,0.9,0.062,0.9958
w1432,19756,0.082,0.852,0.066,-0.9968
w1433,13337,0.053,0.89,0.057,0.7093
w1434,18993,0.087,0.824,0.089,0.6713
w1435,9654,0.046,0.907,0.048,0.7224
w1436,12717,0.058,0.868,0.074,0.9819
w1438,6652,0.051,0.889,0.06,0.6615
w1439,89,0.0,1.0,0.0,0.0
w1440,4325,0.024,0.931,0.045,0.8742
w1441,5766,0.068,0.87,0.062,-0.8779
w1442,4033,0.056,0.88,0.065,0.4334
w1443,6631,0.031,0.908,0.061,0.9799
w1444,152,0.0,1.0,0.0,0.0
w1445,1297,0.0,0.978,0.022,0.4588
w1446,11611,0.08,0.868,0.053,-0.9964
w1447,173,0.0,1.0,0.0,0.0
w1448,4422,0.042,0.896,0.062,0.9407
w1449,4781,0.049,0.861,0.091,0.9812
w1450,3966,0.041,0.852,0.107,0.988
w1451,344,0.105,0.745,0.149,0.34
w1452,852,0.0,1.0,0.0,0.0
w1453,852,0.0,1.0,0.0,0.0
w1454,13518,0.045,0.878,0.077,0.9972
w1455,5217,0.075,0.821,0.105,0.9647
w1456,379,0.0,1.0,0.0,0.0
w1457,3389,0.003,0.932,0.065,0.9808
w1458,1433,0.047,0.846,0.107,0.8658
w1459,12022,0.057,0.888,0.055,0.5747
w1460,11034,0.06,0.828,0.111,0.9977
w1461,5870,0.028,0.863,0.109,0.9961
w1462,5085,0.057,0.83,0.113,0.9931
w1463,350,0.0,0.837,0.163,0.765
w1464,163,0.187,0.742,0.071,-0.5994
w1465,221,0.158,0.791,0.051,-0.5848
w1466,3299,0.057,0.903,0.04,-0.7065
w1467,1585,0.05,0.848,0.102,0.9246
w1468,4886,0.044,0.832,0.124,0.9972
w1469,11145,0.065,0.868,0.067,-0.7986
w1470,5512,0.026,0.938,0.036,0.7786
w1471,40544,0.067,0.836,0.097,0.9996
w1472,11057,0.087,0.766,0.147,0.9991
w1473,7069,0.051,0.817,0.132,0.9984
w1474,355,0.1,0.858,0.041,-0.5904
w1475,127,0.151,0.849,0.0,-0.4939
w1476,5098,0.063,0.84,0.098,0.9895
w1477,5717,0.05,0.862,0.088,0.9827
w1478,165,0.0,1.0,0.0,0.0
w1479,12629,0.046,0.857,0.097,0.9976
w1480,6420,0.051,0.795,0.154,0.9989
w1481,13892,0.057,0.875,0.069,0.9862
w1482,4357,0.034,0.925,0.041,0.5913
w1483,6913,0.06,0.906,0.035,-0.9834
w1484,3521,0.011,0.932,0.057,0.9725
w1485,9002,0.049,0.906,0.044,-0.7935
w1486,223,0.0,0.952,0.048,0.0516
w1487,3113,0.07,0.865,0.065,-0.7446
w1488,280,0.0,1.0,0.0,0.0
w1489,89,0.0,1.0,0.0,0.0
w1490,47,0.0,1.0,0.0,0.0
w1491,89,0.0,1.0,0.0,0.0
w1492,5598,0.043,0.834,0.122,0.9962
w1493,162,0.0,1.0,0.0,0.0
w1494,160,0.0,1.0,0.0,0.0
w1495,63,0.0,1.0,0.0,0.0
w1496,17,0.0,1.0,0.0,0.0
w1497,876,0.0,0.961,0.039,0.4753
w1498,14440,0.05,0.865,0.085,0.9972
w1499,8555,0.063,0.85,0.088,0.984
w1500,9955,0.067,0.838,0.095,0.9842
w1501,14033,0.037,0.855,0.107,0.9992
w1502,10277,0.09,0.786,0.123,0.9958
w1503,14126,0.031,0.861,0.108,0.9996
w1504,4699,0.048,0.835,0.118,0.9936
w1505,4576,0.043,0.861,0.096,0.9916
w1506,109,0.0,0.876,0.124,0.34
w1507,304,0.0,0.927,0.073,0.4588
w1508,10431,0.061,0.873,0.066,0.4358
w1509,2931,0.052,0.864,0.084,0.9391
w1510,852,0.0,1.0,0.0,0.0
w1511,7369,0.085,0.846,0.069,-0.9809
w1512,5886,0.058,0.877,0.065,0.4617
w1513,7455,0.104,0.793,0.103,-0.8114
w1514,7653,0.079,0.812,0.109,0.9782
w1515,5817,0.053,0.897,0.05,0.6749
w1516,7255,0.04,0.891,0.069,0.9778
w1517,4355,0.026,0.885,0.089,0.9885
w1518,4571,0.052,0.88,0.067,0.8515
w1519,9310,0.069,0.878,0.053,-0.794
w1520,6319,0.08,0.873,0.047,-0.9858
w1521,36,0.0,1.0,0.0,0.0
w1522,4324,0.118,0.819,0.063,-0.9873
w1523,5128,0.108,0.816,0.076,-0.9777
w1524,36,0.0,1.0,0.0,0.0
w1525,2999,0.079,0.845,0.076,0.6036
w1526,102,0.0,1.0,0.0,0.0
w1527,101,0.0,1.0,0.0,0.0
w1528,6974,0.036,0.843,0.121,0.9983
w1529,3305,0.046,0.866,0.088,0.9626
w1530,7512,0.08,0.865,0.055,-0.9765
w1531,1690,0.055,0.915,0.03,-0.5213
w1532,174,0.084,0.916,0.0,-0.296
w1533,164,0.0,1.0,0.0,0.0
w1534,6159,0.081,0.848,0.07,-0.9421
w1535,3104,0.03,0.908,0.063,0.9325
w1536,3647,0.033,0.843,0.123,0.9947
w1537,3425,0.028,0.835,0.137,0.9956
w1538,296,0.0,1.0,0.0,0.0
w1539,5083,0.052,0.851,0.097,0.9848
w1540,15964,0.116,0.787,0.098,-0.9942
w1541,6052,0.071,0.848,0.081,0.6682
w1542,287,0.1,0.9,0.0,-0.4939
w1543,11360,0.057,0.834,0.109,0.9962
w1544,11732,0.043,0.833,0.124,0.9991
w1545,4818,0.065,0.84,0.095,0.9643
w1546,160,0.0,1.0,0.0,0.0
w1548,100,0.0,1.0,0.0,0.0
w1549,25,0.0,1.0,0.0,0.0
w1550,5676,0.057,0.829,0.114,0.9949
w1551,207,0.0,1.0,0.0,0.0
w1552,14183,0.069,0.805,0.125,0.9993
w1553,3907,0.004,0.898,0.098,0.9953
w1554,47,0.0,1.0,0.0,0.0
w1555,47,0.0,1.0,0.0,0.0
w1556,2565,0.005,0.938,0.057,0.9602
w1557,3819,0.044,0.902,0.054,0.4215
w1558,89,0.0,1.0,0.0,0.0
w1559,4240,0.056,0.844,0.1,0.9477
w1560,2983,0.006,0.905,0.089,0.989
w1561,1666,0.011,0.907,0.082,0.925
w1562,1700,0.023,0.866,0.11,0.9609
w1563,9707,0.05,0.848,0.102,0.9972
w1564,6687,0.033,0.867,0.099,0.9961
w1565,1698,0.041,0.852,0.107,0.9191
w1566,2410,0.038,0.891,0.072,0.8802
w1567,3417,0.03,0.89,0.08,0.9555
w1568,1714,0.054,0.87,0.076,0.7033
w1569,1609,0.0,0.935,0.065,0.9211
w1570,89,0.0,1.0,0.0,0.0
w1571,9827,0.044,0.852,0.104,0.9977
w1572,176,0.0,0.905,0.095,0.2732
w1573,237,0.178,0.822,0.0,-0.6597
w1574,93,0.136,0.739,0.125,-0.0516
w1575,160,0.0,1.0,0.0,0.0
w1576,3910,0.043,0.785,0.172,0.9982
w1577,182,0.104,0.896,0.0,-0.4404
w1578,3893,0.04,0.784,0.177,0.9983
w1579,176,0.0,0.905,0.095,0.2732
w1580,68,0.0,0.746,0.254,0.5267
w1581,3827,0.1,0.815,0.085,-0.9289
w1582,4853,0.059,0.894,0.047,-0.9239
w1583,7779,0.083,0.846,0.07,-0.9655
w1584,5657,0.032,0.909,0.059,0.9679
w1585,364,0.055,0.945,0.0,-0.3612
w1586,3607,0.062,0.874,0.064,0.7704
w1587,2136,0.118,0.789,0.092,-0.855
w1588,10184,0.063,0.884,0.053,-0.9629
w1590,131,0.0,0.877,0.123,0.4215
w1591,224,0.091,0.909,0.0,-0.4939
w1592,11829,0.04,0.876,0.084,0.996
w1593,8143,0.01,0.888,0.102,0.9988
w1594,8419,0.023,0.911,0.067,0.9895
w1595,6586,0.016,0.913,0.071,0.9953
w1596,5680,0.014,0.928,0.058,0.9822
w1597,309,0.0,0.826,0.174,0.765
w1598,4862,0.059,0.87,0.071,0.8909
w1599,8965,0.051,0.86,0.089,0.9911
w1600,162,0.0,1.0,0.0,0.0
w1601,7247,0.025,0.906,0.068,0.9888
w1602,8917,0.027,0.905,0.067,0.988
w1603,5008,0.014,0.932,0.054,0.9709
w1604,6389,0.038,0.922,0.041,0.1469
w1605,101,0.0,1.0,0.0,0.0
w1606,146,0.0,1.0,0.0,0.0
w1607,6161,0.061,0.843,0.096,0.9905
w1608,5531,0.046,0.883,0.071,0.9678
w1609,8248,0.017,0.872,0.111,0.999
w1610,306,0.0,0.826,0.174,0.765
w1611,207,0.103,0.897,0.0,-0.296
w1612,8535,0.058,0.847,0.094,0.994
w1613,9531,0.045,0.882,0.073,0.9898
w1614,8224,0.015,0.871,0.114,0.9991
w1615,7254,0.058,0.869,0.073,0.9008
w1616,179,0.211,0.789,0.0,-0.7717
w1617,7663,0.048,0.839,0.113,0.9977
w1618,305,0.0,1.0,0.0,0.0
w1619,8125,0.012,0.883,0.106,0.9989
w1620,8207,0.022,0.865,0.113,0.9989
w1622,14773,0.065,0.822,0.112,0.9988
w1623,100,0.0,1.0,0.0,0.0
w1624,112,0.0,0.876,0.124,0.34
w1626,6625,0.047,0.88,0.074,0.9722
w1627,15774,0.111,0.787,0.102,-0.9766
w1628,10943,0.101,0.806,0.094,-0.968
w1629,5305,0.063,0.846,0.092,0.9765
w1630,18123,0.028,0.916,0.056,0.997
w1631,10047,0.045,0.886,0.069,0.9892
w1632,63,0.0,1.0,0.0,0.0
w1633,9071,0.051,0.821,0.129,0.9991
w1634,17637,0.034,0.9,0.066,0.9981
w1635,10823,0.066,0.876,0.058,-0.9463
w1636,9693,0.074,0.865,0.062,-0.9736
w1637,4569,0.094,0.837,0.068,-0.9667
w1638,3559,0.024,0.874,0.102,0.9897
w1639,7356,0.116,0.824,0.06,-0.9973
w1640,9641,0.032,0.862,0.105,0.9984
w1641,471,0.0,0.915,0.085,0.6369
w1642,4010,0.054,0.861,0.086,0.9693
w1643,3058,0.063,0.844,0.094,0.9511
w1644,4838,0.107,0.83,0.062,-0.9843
w1645,250,0.0,1.0,0.0,0.0
w1646,3192,0.015,0.922,0.063,0.9583
w1647,6185,0.051,0.872,0.076,0.1797
w1648,4791,0.097,0.835,0.069,-0.9554
w1649,20344,0.092,0.806,0.102,0.9745
w1650,4358,0.073,0.891,0.036,-0.9403
w1651,11406,0.113,0.801,0.086,-0.9968
w1652,3393,0.122,0.773,0.105,-0.9389
w1653,349,0.0,1.0,0.0,0.0
w1654,4082,0.052,0.87,0.078,0.9316
w1655,8517,0.073,0.832,0.095,0.9702
w1656,8243,0.071,0.833,0.096,0.9843
w1657,4513,0.045,0.82,0.134,0.997
w1658,10622,0.025,0.864,0.112,0.9989
w1659,3719,0.045,0.899,0.056,0.4215
w1660,160,0.0,1.0,0.0,0.0
w1662,7992,0.095,0.781,0.124,0.988
w1663,2042,0.135,0.791,0.074,-0.9683
w1664,5976,0.04,0.888,0.072,0.971
w1665,5262,0.085,0.829,0.086,0.7535
w1666,5904,0.104,0.807,0.089,-0.9631
w1667,162,0.0,1.0,0.0,0.0
w1668,2019,0.043,0.866,0.091,0.9401
w1669,4766,0.084,0.861,0.055,-0.9407
w1670,7677,0.088,0.858,0.054,-0.99
w1671,1167,0.033,0.897,0.07,0.6808
w1672,6425,0.131,0.796,0.072,-0.9973
w1673,993,0.0,0.926,0.074,0.7964
w1674,11764,0.051,0.82,0.129,0.9993
w1675,5945,0.03,0.838,0.131,0.998
w1676,10619,0.098,0.815,0.087,-0.9853
w1677,6726,0.057,0.868,0.075,0.9622
w1679,12636,0.091,0.834,0.075,-0.9919
w1680,11461,0.078,0.852,0.07,-0.9713
w1681,7961,0.032,0.871,0.097,0.9968
w1682,172,0.139,0.861,0.0,-0.4404
w1683,4211,0.047,0.873,0.081,0.977
w1684,257,0.0,0.86,0.14,0.6369
w1685,5675,0.049,0.884,0.068,0.9729
w1686,325,0.0,0.932,0.068,0.4588
w1687,4686,0.051,0.858,0.091,0.9846
w1688,8161,0.01,0.874,0.115,0.9991
w1689,7277,0.044,0.824,0.133,0.9985
w1690,7550,0.061,0.81,0.129,0.9968
w1691,1587,0.06,0.828,0.112,0.9231
w1692,11276,0.039,0.867,0.094,0.9975
w1693,1583,0.05,0.847,0.103,0.9246
w1694,5506,0.04,0.845,0.114,0.9959
w1695,193,0.088,0.912,0.0,-0.34
w1696,11250,0.073,0.813,0.114,0.998
w1697,1503,0.016,0.947,0.037,0.4215
w1698,5842,0.049,0.875,0.075,0.966
w1699,4890,0.038,0.888,0.074,0.9799
w1700,4200,0.051,0.899,0.05,-0.3913
w1701,3723,0.058,0.903,0.039,-0.8988
w1702,7205,0.05,0.848,0.102,0.9943
w1703,226,0.108,0.892,0.0,-0.4404
w1704,1600,0.012,0.901,0.087,0.925
w1705,2372,0.074,0.807,0.12,0.9256
w1706,3112,0.055,0.882,0.063,0.0943
w1707,7578,0.085,0.84,0.075,-0.941
w1708,3512,0.011,0.917,0.072,0.9866
w1709,89,0.0,1.0,0.0,0.0
w1710,4741,0.013,0.935,0.051,0.9714
w1711,339,0.0,0.938,0.062,0.25
w1712,43,0.0,1.0,0.0,0.0
w1713,86,0.0,0.909,0.091,0.0516
w1714,79,0.0,1.0,0.0,0.0
w1715,107,0.157,0.843,0.0,-0.4215
w1717,19493,0.105,0.831,0.063,-0.9995
w1718,10017,0.052,0.856,0.092,0.9959
w1719,11210,0.05,0.845,0.105,0.9983
w1720,1676,0.035,0.942,0.023,-0.4588
w1721,9853,0.083,0.801,0.116,0.9963
w1722,12280,0.058,0.831,0.111,0.9984
w1723,101,0.0,1.0,0.0,0.0
w1724,8120,0.012,0.883,0.105,0.9989
w1725,7309,0.061,0.856,0.083,0.9717
w1726,181,0.0,1.0,0.0,0.0
w1727,9268,0.062,0.831,0.108,0.996
w1729,3757,0.02,0.901,0.079,0.9822
w1730,36,0.0,1.0,0.0,0.0
w1731,8168,0.059,0.873,0.068,0.9843
w1732,2288,0.029,0.891,0.08,0.9567
w1733,10788,0.063,0.805,0.133,0.9985
w1734,7073,0.087,0.846,0.067,-0.9795
w1735,10914,0.065,0.853,0.082,0.9515
w1736,3820,0.042,0.819,0.139,0.9956
w1737,92,0.0,1.0,0.0,0.0
w1738,14139,0.056,0.881,0.063,0.9744
w1739,104,0.231,0.769,0.0,-0.6369
w1740,121,0.0,0.833,0.167,0.3818
w1741,11997,0.06,0.891,0.049,-0.9815
w1743,4531,0.076,0.875,0.049,-0.965
w1744,3803,0.076,0.827,0.097,0.8759
w1745,13912,0.038,0.843,0.119,0.9992
w1746,7985,0.052,0.89,0.057,0.7875
w1747,901,0.023,0.953,0.023,0.0
w1748,865,0.019,0.981,0.0,-0.2944
w1749,808,0.0,1.0,0.0,0.0
w1750,5128,0.073,0.836,0.091,0.9246
w1751,160,0.0,1.0,0.0,0.0
w1752,3868,0.066,0.816,0.119,0.9801
w1753,9549,0.047,0.858,0.095,0.9957
w1754,9642,0.055,0.881,0.063,0.943
w1755,99,0.0,0.851,0.149,0.2732
w1756,4296,0.061,0.835,0.104,0.9792
w1757,7997,0.049,0.827,0.124,0.998
w1758,12327,0.081,0.836,0.083,-0.9156
w1759,4089,0.04,0.907,0.052,0.4337
w1760,2259,0.103,0.834,0.063,-0.9451
w1761,5460,0.028,0.912,0.06,0.9744
w1762,6050,0.037,0.929,0.034,-0.7254
w1763,262,0.0,1.0,0.0,0.0
w1764,5637,0.073,0.868,0.058,-0.9011
w1765,17345,0.048,0.887,0.065,0.9915
w1767,2285,0.014,0.896,0.09,0.9678
w1768,10132,0.058,0.799,0.143,0.9991
w1769,26,0.0,1.0,0.0,0.0
w1770,4515,0.031,0.876,0.094,0.99
w1771,27153,0.029,0.934,0.037,0.8803
w1772,11802,0.059,0.835,0.106,0.9975
w1773,1935,0.084,0.84,0.077,-0.3277
w1774,23159,0.08,0.879,0.041,-0.9993
w1775,3714,0.022,0.923,0.054,0.9607
w1776,3484,0.055,0.904,0.041,-0.7829
w1777,6927,0.052,0.894,0.054,0.7309
w1779,8558,0.036,0.838,0.126,0.9991
w1780,177,0.0,0.873,0.127,0.4404
w1781,13045,0.038,0.877,0.086,0.997
w1782,36,0.0,1.0,0.0,0.0
w1783,177,0.0,0.916,0.084,0.2732
w1784,7568,0.041,0.846,0.113,0.9975
w1786,10255,0.042,0.867,0.091,0.996
w1787,5888,0.06,0.879,0.061,0.4077
w1788,228,0.091,0.909,0.0,-0.4404
w1789,147,0.0,0.891,0.109,0.4019
w1790,1609,0.009,0.965,0.025,0.4137
w1791,5573,0.031,0.904,0.065,0.9776
w1792,1420,0.044,0.841,0.115,0.8481
w1793,13913,0.067,0.824,0.109,0.9974
w1794,10247,0.056,0.844,0.099,0.9962
w1795,10427,0.037,0.878,0.084,0.9971
w1796,9,0.0,1.0,0.0,0.0
w1797,100,0.0,1.0,0.0,0.0
w1798,114,0.162,0.838,0.0,-0.4404
w1799,4158,0.051,0.894,0.055,-0.1877
w1800,6016,0.03,0.936,0.034,-0.1742
w1801,3953,0.054,0.881,0.065,0.8967
w1802,2398,0.056,0.868,0.076,0.6081
w1803,3875,0.034,0.913,0.053,0.6705
w1804,5555,0.019,0.868,0.113,0.9975
w1805,5043,0.025,0.883,0.092,0.9928
w1806,5726,0.038,0.862,0.1,0.991
w1807,6873,0.017,0.874,0.109,0.9981
w1808,2522,0.048,0.878,0.074,0.9035
w1809,705,0.0,0.944,0.056,0.5826
w1810,1640,0.011,0.906,0.083,0.925
w1811,10009,0.058,0.86,0.082,0.9829
w1812,89,0.0,1.0,0.0,0.0
w1813,3457,0.028,0.893,0.079,0.9687
w1814,7341,0.045,0.821,0.135,0.9984
w1815,160,0.0,1.0,0.0,0.0
w1816,8098,0.031,0.86,0.11,0.9985
w1817,6332,0.056,0.891,0.053,0.253
w1818,6332,0.056,0.891,0.053,0.253
w1819,9474,0.069,0.83,0.101,0.9865
w1820,43,0.0,1.0,0.0,0.0
w1822,5440,0.036,0.884,0.08,0.9882
w1823,12444,0.034,0.86,0.107,0.9988
w1824,4113,0.045,0.83,0.125,0.993
w1825,811,0.0,1.0,0.0,0.0
w1826,10383,0.057,0.849,0.094,0.9967
w1827,25156,0.102,0.783,0.115,0.9909
w1828,14040,0.079,0.82,0.101,0.9934
w1829,8753,0.049,0.874,0.077,0.9922
w1830,16474,0.02,0.931,0.049,0.9966
w1831,11116,0.075,0.826,0.099,0.9901
w1832,7981,0.046,0.888,0.066,0.8992
w1833,5362,0.03,0.901,0.07,0.9834
w1834,203,0.11,0.89,0.0,-0.4939
w1835,1614,0.063,0.837,0.1,0.8689
w1836,12112,0.035,0.884,0.081,0.997
w1837,1582,0.062,0.827,0.112,0.9169
w1838,5439,0.051,0.882,0.067,0.8778
w1839,157,0.0,1.0,0.0,0.0
w1840,8156,0.059,0.881,0.06,-0.4932
w1841,1580,0.059,0.84,0.101,0.9001
w1842,7486,0.053,0.863,0.084,0.9767
w1843,4782,0.094,0.825,0.081,-0.97
w1844,10197,0.039,0.89,0.071,0.9939
w1845,8125,0.012,0.883,0.106,0.9989
w1846,6133,0.033,0.894,0.073,0.9865
w1847,101,0.0,1.0,0.0,0.0
w1849,20166,0.089,0.802,0.109,0.9956
w1850,9352,0.052,0.882,0.066,0.9347
w1851,4288,0.078,0.839,0.083,0.5504
w1852,2632,0.058,0.875,0.067,0.451
w1853,5809,0.044,0.838,0.118,0.9962
w1854,262,0.056,0.731,0.213,0.7579
w1855,967,0.0,0.967,0.033,0.4404
w1856,416,0.038,0.921,0.041,0.0516
w1857,8023,0.028,0.896,0.076,0.9951
w1858,16212,0.099,0.825,0.076,-0.9979
w1859,3098,0.012,0.921,0.066,0.9643
w1860,1793,0.017,0.925,0.057,0.8885
w1861,2752,0.018,0.905,0.077,0.9617
w1862,3752,0.02,0.91,0.07,0.9709
w1863,2955,0.022,0.885,0.094,0.9794
w1864,504,0.063,0.862,0.075,0.2023
w1865,541,0.0,0.927,0.073,0.6369
w1866,9102,0.096,0.838,0.066,-0.9948
w1867,9226,0.024,0.924,0.052,0.9877
w1868,816,0.0,0.96,0.04,0.34
w1869,12430,0.119,0.808,0.073,-0.9989
w1870,6556,0.067,0.853,0.08,0.9283
w1871,8646,0.056,0.824,0.12,0.9956
w1872,9495,0.052,0.833,0.115,0.9977
w1873,9270,0.045,0.827,0.128,0.9981
w1874,92,0.0,1.0,0.0,0.0
w1875,9186,0.12,0.765,0.115,-0.9803
w1876,7003,0.075,0.819,0.106,0.9888
w1877,353,0.0,1.0,0.0,0.0
w1878,6293,0.028,0.837,0.135,0.9983
w1879,17816,0.042,0.821,0.137,0.9998
w1880,5908,0.041,0.894,0.065,0.979
w1881,3751,0.034,0.921,0.045,0.5774
w1882,8179,0.02,0.869,0.111,0.9988
w1883,13999,0.034,0.873,0.093,0.9986
w1884,1587,0.05,0.837,0.113,0.9423
w1885,5127,0.039,0.89,0.071,0.9786
w1886,100,0.0,1.0,0.0,0.0
w1887,166,0.0,1.0,0.0,0.0
w1888,166,0.0,1.0,0.0,0.0
w1889,172,0.0,0.9,0.1,0.2235
w1890,4724,0.054,0.885,0.061,0.5247
w1891,231,0.0,1.0,0.0,0.0
w1892,201,0.0,1.0,0.0,0.0
w1893,3909,0.039,0.923,0.038,0.4122
w1894,3709,0.028,0.956,0.016,-0.2702
w1895,5178,0.075,0.892,0.033,-0.9872
w1896,3363,0.038,0.89,0.072,0.9382
w1898,89,0.0,1.0,0.0,0.0
w1899,500,0.0,0.912,0.088,0.7456
w1900,5041,0.048,0.819,0.133,0.9972
w1901,2089,0.033,0.93,0.037,0.3612
w1902,1544,0.026,0.926,0.048,0.6199
w1903,9517,0.022,0.887,0.092,0.9985
w1904,4184,0.038,0.857,0.105,0.9934
w1905,1471,0.0,0.956,0.044,0.8611
w1906,89,0.0,1.0,0.0,0.0
w1907,89,0.0,1.0,0.0,0.0
w1908,9800,0.07,0.785,0.145,0.9991
w1909,339,0.0,0.938,0.062,0.25
w1910,3168,0.043,0.898,0.059,0.5703
w1911,6452,0.033,0.804,0.163,0.9994
w1912,13014,0.051,0.836,0.113,0.999
w1913,8554,0.061,0.872,0.067,-0.7328
w1914,4061,0.075,0.847,0.079,-0.555
w1915,3366,0.063,0.798,0.139,0.9919
w1916,5295,0.068,0.855,0.077,0.6289
w1918,5168,0.024,0.933,0.043,0.942
w1919,4954,0.059,0.84,0.101,0.9705
w1921,36,0.0,1.0,0.0,0.0
w1922,286,0.0,0.955,0.045,0.1759
w1923,505,0.0,0.857,0.143,0.8331
w1924,176,0.132,0.868,0.0,-0.4404
w1925,194,0.0,1.0,0.0,0.0
w1926,220,0.0,0.79,0.21,0.7096
w1927,4464,0.062,0.805,0.133,0.9921
w1928,10246,0.128,0.784,0.088,-0.9976
w1929,130,0.0,0.92,0.08,0.0772
w1930,284,0.0,0.92,0.08,0.4939
w1931,3803,0.025,0.927,0.048,0.9205
w1932,10473,0.037,0.864,0.1,0.9974
w1933,10268,0.092,0.82,0.088,-0.874
w1934,7572,0.048,0.883,0.068,0.9828
w1935,4961,0.068,0.794,0.138,0.9952
w1936,6816,0.059,0.846,0.095,0.9928
w1937,50,0.0,0.741,0.259,0.2732
w1938,8245,0.042,0.85,0.108,0.9978
w1939,871,0.024,0.976,0.0,-0.4404
w1940,5779,0.05,0.841,0.109,0.9953
w1941,8575,0.01,0.934,0.056,0.9946
w1942,203,0.0,1.0,0.0,0.0
w1943,10079,0.046,0.849,0.105,0.9978
w1944,1388,0.0,0.912,0.088,0.9337
w1945,6960,0.056,0.877,0.067,0.5842
w1946,1588,0.05,0.839,0.111,0.9423
w1947,8131,0.01,0.93,0.06,0.9907
w1948,139,0.0,1.0,0.0,0.0
w1949,198,0.107,0.893,0.0,-0.4767
w1950,101,0.0,1.0,0.0,0.0
w1951,7469,0.059,0.858,0.083,0.9828
w1952,184,0.0,1.0,0.0,0.0
w1953,14896,0.126,0.778,0.096,-0.9979
w1954,1587,0.061,0.837,0.102,0.891
w1955,15590,0.048,0.818,0.134,0.9997
w1956,365,0.0,0.959,0.041,0.2714
w1957,8543,0.032,0.836,0.132,0.9991
w1958,703,0.0,1.0,0.0,0.0
w1959,16933,0.1,0.795,0.105,-0.9048
w1960,5899,0.037,0.849,0.113,0.9965
w1961,111,0.0,0.744,0.256,0.6705
w1962,10727,0.082,0.826,0.092,0.977
w1963,4253,0.044,0.885,0.07,0.8856
w1964,1636,0.085,0.835,0.08,-0.0433
w1965,4693,0.05,0.88,0.071,0.8843
w1966,47,0.0,1.0,0.0,0.0
w1967,89,0.0,1.0,0.0,0.0
w1968,89,0.0,1.0,0.0,0.0
w1969,89,0.0,1.0,0.0,0.0
w1970,109,0.0,1.0,0.0,0.0
w1971,5637,0.07,0.829,0.101,0.9726
w1972,25,0.0,1.0,0.0,0.0
w1973,262,0.0,1.0,0.0,0.0
w1974,26,0.0,1.0,0.0,0.0
w1975,5952,0.035,0.884,0.081,0.9899
w1976,5592,0.042,0.887,0.072,0.971
w1977,171,0.0,1.0,0.0,0.0
w1978,8281,0.044,0.865,0.091,0.9957
w1979,10078,0.063,0.858,0.079,0.9578
w1980,10194,0.027,0.893,0.08,0.9972
w1981,14106,0.054,0.87,0.076,0.9923
w1982,5199,0.027,0.911,0.061,0.9695
w1983,7390,0.063,0.858,0.08,0.9561
w1984,17274,0.025,0.907,0.068,0.9976
w1985,328,0.0,1.0,0.0,0.0
w1986,3084,0.012,0.892,0.096,0.9856
w1987,10011,0.065,0.809,0.126,0.999
w1988,16631,0.036,0.871,0.094,0.9995
w1989,14237,0.064,0.819,0.117,0.9989
w1990,11770,0.107,0.755,0.139,0.9979
w1991,4740,0.077,0.858,0.065,-0.5915
w1992,5153,0.086,0.853,0.061,-0.9744
w1993,17436,0.045,0.844,0.111,0.9995
w1994,14351,0.087,0.818,0.095,0.91
w1995,1567,0.05,0.846,0.103,0.9246
w1996,7036,0.048,0.852,0.1,0.9966
w1997,129,0.0,1.0,0.0,0.0
w1998,5346,0.056,0.851,0.093,0.9898
w1999,852,0.0,1.0,0.0,0.0
w2000,14020,0.083,0.838,0.079,-0.8229
w2001,9631,0.057,0.842,0.101,0.9967
w2002,174,0.0,1.0,0.0,0.0
w2003,3344,0.067,0.882,0.051,-0.7378
w2004,6309,0.061,0.848,0.092,0.9827
w2005,14948,0.06,0.839,0.101,0.9984
w2006,8594,0.063,0.833,0.103,0.9956
w2007,1494,0.038,0.962,0.0,-0.5719
w2008,3442,0.031,0.852,0.117,0.9925
w2009,294,0.164,0.727,0.109,-0.5719
w2010,9682,0.158,0.751,0.092,-0.9993
w2011,1464,0.0,1.0,0.0,0.0
w2012,20458,0.039,0.829,0.133,0.9999
w2015,102,0.0,1.0,0.0,0.0
w2016,15359,0.071,0.8,0.129,0.9994
w2017,1157,0.0,0.941,0.059,0.6868
w2018,6770,0.046,0.86,0.094,0.9935
w2019,5535,0.06,0.855,0.085,0.9252
w2020,4817,0.074,0.862,0.063,-0.8979
w2021,6962,0.041,0.839,0.119,0.9974
w2022,4615,0.102,0.783,0.115,0.8323
w2023,11748,0.043,0.859,0.098,0.9983
w2024,5815,0.051,0.837,0.112,0.9953
w2025,9694,0.072,0.811,0.117,0.9946
w2026,110,0.0,1.0,0.0,0.0
w2027,9115,0.026,0.903,0.071,0.995
w2028,15553,0.024,0.926,0.049,0.9957
w2029,3319,0.04,0.903,0.056,0.5105
w2030,2214,0.022,0.913,0.065,0.9239
w2031,11864,0.06,0.834,0.106,0.9968
w2032,3162,0.023,0.901,0.076,0.9692
w2033,21895,0.105,0.779,0.116,0.9869
w2034,107,0.0,1.0,0.0,0.0
w2035,11235,0.116,0.795,0.089,-0.9948
w2036,326,0.0,1.0,0.0,0.0
w2037,5152,0.114,0.777,0.109,-0.7468
w2038,9155,0.056,0.875,0.069,0.9038
w2039,19001,0.016,0.926,0.059,0.9989
w2040,876,0.0,0.961,0.039,0.4753
w2041,10972,0.039,0.862,0.099,0.9978
w2042,154,0.091,0.909,0.0,-0.3412
w2043,1588,0.059,0.84,0.101,0.8999
w2044,20778,0.091,0.815,0.093,-0.9645
w2045,99,0.0,0.865,0.135,0.3612
w2046,12304,0.058,0.843,0.099,0.9979
w2047,8209,0.017,0.873,0.11,0.9989
w2048,25,0.0,1.0,0.0,0.0
w2049,4160,0.068,0.911,0.021,-0.9819
w2050,234,0.0,1.0,0.0,0.0
w2051,5451,0.057,0.857,0.086,0.9674
w2052,1293,0.0,0.977,0.023,0.4588
w2053,9405,0.076,0.864,0.06,-0.9861
w2054,2155,0.117,0.791,0.092,-0.8126
w2055,2751,0.057,0.898,0.044,-0.8251
w2056,7688,0.049,0.882,0.069,0.966
w2057,7660,0.067,0.859,0.073,0.8257
w2058,409,0.0,0.934,0.066,0.4939
w2059,9292,0.084,0.844,0.072,-0.9839
w2060,2888,0.006,0.922,0.072,0.9739
w2061,7297,0.101,0.822,0.076,-0.9838
w2062,4556,0.112,0.823,0.065,-0.9828
w2063,3133,0.043,0.899,0.058,0.5095
w2064,9889,0.035,0.85,0.115,0.999
w2065,2916,0.054,0.853,0.094,0.9441
w2066,3393,0.082,0.808,0.11,0.9342
w2067,3451,0.112,0.778,0.11,-0.8103
w2068,101,0.0,1.0,0.0,0.0
w2070,19154,0.039,0.851,0.11,0.9997
w2071,149,0.0,0.927,0.073,0.128
w2072,168,0.0,1.0,0.0,0.0
w2073,4233,0.037,0.897,0.066,0.9455
w2074,206,0.118,0.882,0.0,-0.4215
w2075,1946,0.023,0.953,0.024,-0.1779
w2076,19542,0.043,0.848,0.109,0.9997
w2077,3742,0.08,0.844,0.076,-0.8236
w2078,1803,0.017,0.933,0.051,0.8541
w2079,47,0.0,1.0,0.0,0.0
w2080,89,0.0,1.0,0.0,0.0
w2081,1556,0.0,0.942,0.058,0.9074
w2082,47,0.0,1.0,0.0,0.0
w2083,5357,0.036,0.872,0.091,0.9839
w2084,4465,0.042,0.874,0.084,0.9797
w2085,160,0.0,1.0,0.0,0.0
w2086,5871,0.063,0.883,0.054,-0.817
w2087,2461,0.044,0.897,0.059,0.69
w2088,15178,0.088,0.836,0.076,-0.9968
w2089,262,0.0,1.0,0.0,0.0
w2090,5004,0.035,0.902,0.063,0.9702
w2091,88,0.0,1.0,0.0,0.0
w2092,9562,0.069,0.881,0.05,-0.9867
w2093,262,0.0,1.0,0.0,0.0
w2094,6889,0.057,0.867,0.076,0.9466
w2095,10116,0.09,0.805,0.105,0.9719
w2096,1066,0.022,0.915,0.062,0.6369
w2097,36,0.0,1.0,0.0,0.0
w2098,1257,0.02,0.957,0.023,-0.1477
w2099,219,0.105,0.895,0.0,-0.4019
w2100,247,0.169,0.831,0.0,-0.6908
w2101,7561,0.026,0.839,0.134,0.9991
w2102,1611,0.055,0.909,0.037,-0.5204
w2103,89,0.0,1.0,0.0,0.0
w2104,7703,0.043,0.829,0.127,0.9985
w2105,2544,0.05,0.852,0.099,0.9399
w2106,88,0.0,1.0,0.0,0.0
w2107,4739,0.044,0.858,0.097,0.9915
w2108,230,0.0,0.714,0.286,0.8807
w2109,8349,0.033,0.843,0.124,0.9991
w2110,974,0.021,0.946,0.033,0.25
w2111,6699,0.044,0.896,0.061,0.9053
w2112,3152,0.156,0.78,0.065,-0.9956
w2113,5097,0.027,0.841,0.132,0.9978
w2114,9914,0.064,0.86,0.076,0.9635
w2115,7442,0.101,0.811,0.089,-0.9421
w2116,180,0.127,0.873,0.0,-0.4939
w2117,773,0.0,0.935,0.065,0.6369
w2118,5756,0.069,0.793,0.138,0.9966
w2119,157,0.0,0.87,0.13,0.4019
w2120,3862,0.066,0.807,0.127,0.991
w2121,17786,0.075,0.83,0.095,0.9938
w2122,504,0.0,0.921,0.079,0.6369
w2123,6128,0.059,0.895,0.046,-0.9089
w2124,7351,0.079,0.835,0.086,0.6679
w2125,142,0.225,0.775,0.0,-0.7003
w2126,7339,0.065,0.859,0.075,0.8344
w2127,12206,0.055,0.832,0.113,0.998
w2128,14052,0.073,0.819,0.108,0.9918
w2129,3780,0.021,0.935,0.043,0.9201
w2130,160,0.0,1.0,0.0,0.0
w2131,4541,0.072,0.83,0.098,0.9676
w2132,6651,0.045,0.883,0.072,0.9841
w2134,116,0.185,0.815,0.0,-0.434
w2135,6936,0.066,0.861,0.073,0.8266
w2136,462,0.0,0.949,0.051,0.4588
w2137,7488,0.046,0.867,0.087,0.9903
w2138,348,0.054,0.855,0.091,0.2732
w2139,9230,0.082,0.866,0.052,-0.9925
w2140,25,0.0,1.0,0.0,0.0
w2141,6079,0.076,0.881,0.043,-0.9839
w2142,10760,0.066,0.869,0.065,0.9262
w2143,3891,0.027,0.912,0.061,0.9467
w2144,234,0.0,1.0,0.0,0.0
w2145,3764,0.038,0.851,0.111,0.9915
w2146,26,0.0,1.0,0.0,0.0
w2147,3841,0.047,0.869,0.084,0.9682
w2148,3870,0.031,0.892,0.078,0.9697
w2149,6353,0.06,0.881,0.059,-0.6436
w2150,24353,0.036,0.94,0.024,-0.9889
w2151,22904,0.023,0.955,0.022,-0.8016
w2153,288,0.084,0.916,0.0,-0.5267
w2154,7738,0.087,0.785,0.128,0.9933
w2155,4348,0.088,0.807,0.105,0.7185
w2156,1915,0.078,0.835,0.087,0.3182
w2157,8316,0.027,0.866,0.106,0.9976
w2158,36,0.0,1.0,0.0,0.0
w2159,10135,0.108,0.793,0.099,-0.9796
w2160,5990,0.051,0.859,0.09,0.9895
w2161,356,0.0,1.0,0.0,0.0
w2162,34606,0.064,0.8,0.136,0.9999
w2163,5816,0.063,0.849,0.089,0.9802
w2164,8426,0.074,0.843,0.083,0.509
w2165,5200,0.082,0.807,0.111,0.9896
w2167,17887,0.047,0.9,0.053,0.9564
w2168,63,0.0,1.0,0.0,0.0
w2169,8899,0.043,0.885,0.072,0.9869
w2170,7323,0.05,0.845,0.105,0.9969
w2171,5862,0.071,0.862,0.068,-0.6221
w2172,6259,0.066,0.867,0.068,-0.5082
w2173,1362,0.0,0.937,0.063,0.8779
w2174,11358,0.081,0.776,0.143,0.9991
w2175,133,0.0,0.92,0.08,0.25
w2176,7080,0.093,0.774,0.133,0.9944
w2177,113,0.0,1.0,0.0,0.0
w2178,8813,0.062,0.868,0.071,0.9159
w2179,1582,0.05,0.848,0.102,0.9246
w2180,7498,0.032,0.907,0.06,0.9067
w2181,3061,0.066,0.865,0.069,-0.717
w2182,115,0.0,1.0,0.0,0.0
w2183,11275,0.093,0.775,0.132,0.9977
w2184,111,0.082,0.918,0.0,-0.1531
w2185,169,0.0,1.0,0.0,0.0
w2186,280,0.0,1.0,0.0,0.0
w2187,3527,0.036,0.919,0.044,0.1466
w2188,6562,0.049,0.908,0.044,-0.9546
w2189,2779,0.036,0.921,0.043,0.2617
w2190,226,0.0,1.0,0.0,0.0
w2191,235,0.0,1.0,0.0,0.0
w2192,2821,0.041,0.847,0.113,0.9838
w2193,89,0.0,1.0,0.0,0.0
w2194,89,0.0,1.0,0.0,0.0
w2195,3422,0.042,0.882,0.076,0.9509
w2196,5573,0.053,0.88,0.067,0.9119
w2197,3058,0.012,0.944,0.044,0.8891
w2198,339,0.0,0.938,0.062,0.25
w2199,7163,0.063,0.884,0.054,-0.9297
w2201,133,0.0,1.0,0.0,0.0
w2202,1785,0.0,1.0,0.0,0.0
w2203,8820,0.024,0.881,0.095,0.9984
w2204,263,0.0,1.0,0.0,0.0
w2205,4610,0.062,0.844,0.094,0.9391
w2206,5887,0.084,0.844,0.073,-0.9452
w2207,259,0.0,1.0,0.0,0.0
w2208,137,0.0,0.888,0.112,0.34
w2209,8456,0.052,0.864,0.084,0.9939
w2210,99,0.0,0.851,0.149,0.2732
w2211,147,0.0,1.0,0.0,0.0
w2212,4780,0.053,0.842,0.105,0.9876
w2213,12717,0.021,0.872,0.106,0.9992
w2214,6746,0.047,0.873,0.08,0.9876
w2215,8008,0.069,0.828,0.103,0.988
w2216,99,0.0,0.851,0.149,0.2732
w2217,160,0.0,1.0,0.0,0.0
w2218,5925,0.076,0.821,0.103,0.9769
w2219,160,0.0,1.0,0.0,0.0
w2220,99,0.0,0.851,0.149,0.2732
w2221,160,0.0,1.0,0.0,0.0
w2222,7942,0.051,0.88,0.069,0.9625
w2223,12900,0.041,0.898,0.06,0.9858
w2224,110,0.0,1.0,0.0,0.0
w2225,10538,0.044,0.883,0.072,0.9921
w2226,15605,0.078,0.878,0.043,-0.9987
w2227,4179,0.039,0.789,0.172,0.9983
w2228,6971,0.028,0.882,0.091,0.9962
w2229,25783,0.154,0.758,0.088,-0.9999
w2230,5990,0.029,0.924,0.047,0.9024
w2231,990,0.029,0.94,0.031,0.0516
w2232,3057,0.055,0.877,0.067,0.2763
w2233,10054,0.038,0.912,0.05,0.9277
w2234,599,0.043,0.837,0.121,0.4588
w2235,1345,0.008,0.942,0.05,0.7877
w2236,101,0.0,1.0,0.0,0.0
w2237,1092,0.02,0.923,0.057,0.6369
w2238,250,0.0,1.0,0.0,0.0
w2239,140,0.118,0.882,0.0,-0.4497
w2240,4226,0.031,0.929,0.04,0.5187
w2241,314,0.0,1.0,0.0,0.0
w2242,170,0.127,0.873,0.0,-0.4404
w2243,3903,0.016,0.913,0.071,0.9689
w2244,12409,0.055,0.849,0.096,0.9961
w2245,36,0.0,1.0,0.0,0.0
w2246,7244,0.041,0.827,0.133,0.9988
w2247,6154,0.066,0.865,0.069,-0.9406
w2248,349,0.0,1.0,0.0,0.0
w2249,4417,0.037,0.84,0.123,0.9942
w2250,129,0.206,0.734,0.06,-0.4939
w2251,106,0.0,0.667,0.333,0.8176
w2252,2003,0.044,0.861,0.095,0.8825
w2253,14576,0.053,0.849,0.098,0.9978
w2254,89,0.0,1.0,0.0,0.0
w2255,727,0.073,0.887,0.04,-0.3561
w2256,1616,0.012,0.902,0.086,0.925
w2257,47,0.0,1.0,0.0,0.0
w2258,5045,0.027,0.898,0.076,0.9897
w2259,5504,0.067,0.859,0.074,0.7818
w2260,9030,0.036,0.88,0.084,0.9949
w2261,1570,0.0,0.959,0.041,0.8611
w2262,47,0.0,1.0,0.0,0.0
w2263,1667,0.011,0.876,0.113,0.9619
w2264,4698,0.032,0.925,0.043,0.4309
w2265,339,0.0,0.938,0.062,0.25
w2266,111,0.0,0.818,0.182,0.4389
w2267,63,0.0,1.0,0.0,0.0
w2268,98,0.0,0.843,0.157,0.3818
w2269,6322,0.103,0.84,0.057,-0.9933
w2270,111,0.119,0.881,0.0,-0.2263
w2271,262,0.0,1.0,0.0,0.0
w2272,5811,0.044,0.846,0.11,0.9928
w2273,2212,0.02,0.902,0.077,0.9347
w2274,4797,0.024,0.871,0.106,0.9937
w2275,8828,0.09,0.836,0.074,-0.985
w2276,5801,0.028,0.89,0.082,0.9915
w2278,295,0.0,1.0,0.0,0.0
w2279,356,0.0,1.0,0.0,0.0
w2280,9742,0.139,0.767,0.094,-0.9978
w2281,515,0.0,0.97,0.03,0.2732
w2282,1142,0.0,0.924,0.076,0.7059
w2283,7806,0.093,0.805,0.102,0.8707
w2284,8143,0.068,0.842,0.09,0.9807
w2285,243,0.0,1.0,0.0,0.0
w2286,2899,0.028,0.915,0.057,0.9058
w2288,14053,0.019,0.93,0.051,0.9964
w2289,17,0.0,1.0,0.0,0.0
w2290,1475,0.016,0.915,0.069,0.8625
w2291,108,0.0,1.0,0.0,0.0
w2292,8125,0.012,0.883,0.106,0.9989
w2293,112,0.0,1.0,0.0,0.0
w2294,8543,0.046,0.869,0.085,0.9892
w2295,113,0.0,0.819,0.181,0.6369
w2296,118,0.0,0.776,0.224,0.6369
w2297,8222,0.027,0.924,0.049,0.936
w2298,19261,0.075,0.811,0.114,0.9988
w2299,7048,0.019,0.898,0.083,0.9946
w2300,1976,0.047,0.899,0.054,0.2714
w2301,8174,0.007,0.88,0.113,0.9991
w2302,5136,0.07,0.865,0.065,-0.7482
w2303,123,0.0,1.0,0.0,0.0
w2304,168,0.141,0.859,0.0,-0.4215
w2305,9112,0.051,0.901,0.047,-0.7416
w2306,4455,0.057,0.906,0.037,-0.9404
w2307,7691,0.015,0.898,0.087,0.998
w2308,14041,0.059,0.813,0.129,0.9996
w2309,154,0.086,0.914,0.0,-0.1531
w2311,3282,0.05,0.874,0.075,0.9458
w2312,278,0.057,0.779,0.164,0.6249
w2313,13278,0.04,0.88,0.08,0.994
w2314,7004,0.041,0.858,0.101,0.9972
w2315,9585,0.094,0.82,0.086,-0.9765
w2316,8001,0.053,0.866,0.081,0.9759
w2317,5817,0.043,0.882,0.075,0.977
w2318,189,0.104,0.896,0.0,-0.4404
w2319,4847,0.006,0.872,0.122,0.9952
w2320,1029,0.022,0.917,0.061,0.6369
w2321,3838,0.028,0.886,0.086,0.9837
w2322,6235,0.032,0.823,0.145,0.9988
w2323,250,0.0,1.0,0.0,0.0
w2324,7746,0.091,0.836,0.072,-0.9796
w2325,1032,0.061,0.879,0.06,-0.0516
w2326,4589,0.097,0.835,0.068,-0.967
w2327,530,0.0,0.924,0.076,0.6369
w2328,4047,0.046,0.869,0.085,0.9816
w2329,154,0.0,1.0,0.0,0.0
w2330,9038,0.055,0.872,0.073,0.5595
w2331,3153,0.024,0.897,0.079,0.9812
w2332,6092,0.06,0.846,0.094,0.9819
w2333,169,0.179,0.735,0.085,-0.4939
w2334,2924,0.045,0.905,0.05,0.6158
w2335,1861,0.01,0.963,0.027,0.5994
w2336,3455,0.031,0.857,0.112,0.9929
w2337,12885,0.089,0.788,0.124,0.9977
w2338,289,0.0,0.873,0.127,0.6249
w2339,16616,0.054,0.819,0.128,0.9997
w2340,4802,0.08,0.83,0.091,-0.5165
w2341,1854,0.063,0.845,0.092,0.7506
w2342,228,0.0,0.912,0.088,0.34
w2343,178,0.184,0.816,0.0,-0.5423
w2344,8652,0.051,0.881,0.067,0.95
w2345,3894,0.082,0.89,0.028,-0.9877
w2346,3165,0.024,0.85,0.127,0.9949
w2347,2604,0.058,0.92,0.022,-0.8964
w2348,4203,0.045,0.836,0.119,0.9868
w2349,89,0.0,1.0,0.0,0.0
w2350,89,0.0,1.0,0.0,0.0
w2351,89,0.0,1.0,0.0,0.0
w2352,8262,0.038,0.851,0.111,0.998
w2353,3035,0.076,0.852,0.072,-0.4428
w2354,3048,0.068,0.859,0.073,0.2385
w2355,339,0.0,0.938,0.062,0.25
w2356,339,0.0,0.938,0.062,0.25
w2357,32,0.0,1.0,0.0,0.0
w2358,2430,0.041,0.875,0.084,0.9304
w2359,78,0.225,0.775,0.0,-0.4939
w2360,5243,0.047,0.833,0.119,0.995
w2361,3519,0.101,0.872,0.026,-0.99
w2362,4707,0.035,0.898,0.067,0.9675
w2363,182,0.2,0.8,0.0,-0.5423
w2364,5063,0.046,0.887,0.068,0.9364
w2365,2085,0.128,0.805,0.066,-0.9618
w2366,11099,0.047,0.9,0.053,0.6768
w2367,25,0.0,1.0,0.0,0.0
w2368,273,0.052,0.948,0.0,-0.296
w2369,5042,0.049,0.869,0.082,0.973
w2370,22777,0.023,0.958,0.019,-0.8655
w2371,24184,0.029,0.944,0.027,-0.8875
w2372,199,0.0,1.0,0.0,0.0
w2373,3405,0.012,0.934,0.054,0.9543
w2374,6633,0.071,0.873,0.056,-0.9636
w2375,9636,0.056,0.868,0.076,0.9664
w2377,12531,0.066,0.84,0.094,0.9944
w2378,15289,0.035,0.838,0.126,0.9997
w2379,4146,0.046,0.802,0.152,0.997
w2380,356,0.0,1.0,0.0,0.0
w2381,15064,0.054,0.816,0.13,0.9996
w2382,162,0.0,1.0,0.0,0.0
w2383,3590,0.016,0.835,0.149,0.9972
w2384,1827,0.017,0.939,0.044,0.738
w2385,853,0.0,0.975,0.025,0.4404
w2386,3807,0.034,0.838,0.129,0.9919
w2387,160,0.0,1.0,0.0,0.0
w2388,204,0.0,1.0,0.0,0.0
w2389,15096,0.03,0.889,0.081,0.9981
w2390,10105,0.026,0.881,0.093,0.9977
w2391,2488,0.06,0.917,0.023,-0.8964
w2392,18387,0.034,0.91,0.056,0.9958
w2393,10914,0.067,0.863,0.07,0.7784
w2394,14745,0.019,0.93,0.05,0.9966
w2395,15172,0.018,0.927,0.055,0.9978
w2396,6806,0.039,0.916,0.045,0.128
w2397,6347,0.07,0.799,0.131,0.9976
w2398,315,0.037,0.739,0.224,0.7964
w2399,3661,0.015,0.927,0.059,0.969
w2400,135,0.103,0.897,0.0,-0.34
w2401,101,0.0,1.0,0.0,0.0
w2402,11118,0.039,0.886,0.075,0.994
w2403,12077,0.036,0.863,0.101,0.9986
w2404,9814,0.05,0.871,0.079,0.9928
w2405,364,0.0,0.959,0.041,0.2714
w2406,1608,0.0,0.977,0.023,0.5574
w2407,121,0.2,0.8,0.0,-0.5423
w2408,168,0.182,0.818,0.0,-0.4588
w2409,169,0.0,1.0,0.0,0.0
w2410,3547,0.08,0.895,0.025,-0.9842
w2411,3535,0.083,0.89,0.027,-0.9798
w2412,3201,0.047,0.897,0.056,0.3818
w2413,4282,0.054,0.848,0.098,0.9842
w2414,14824,0.009,0.949,0.042,0.9971
w2415,104,0.085,0.915,0.0,-0.0772
w2416,5920,0.095,0.819,0.086,-0.9106
w2417,9920,0.042,0.907,0.051,0.9154
w2418,10808,0.091,0.858,0.051,-0.9979
w2419,11143,0.065,0.853,0.083,0.9827
w2420,852,0.0,1.0,0.0,0.0
w2421,7512,0.051,0.825,0.124,0.9982
w2422,6413,0.054,0.869,0.077,0.9729
w2423,9301,0.067,0.814,0.119,0.9958
w2424,7392,0.099,0.842,0.059,-0.9945
w2425,31709,0.051,0.827,0.122,0.9999
w2426,3414,0.003,0.937,0.06,0.9779
w2427,8156,0.066,0.889,0.045,-0.9875
w2428,6829,0.05,0.888,0.061,0.4635
w2429,9449,0.094,0.798,0.108,0.9264
w2430,233,0.441,0.559,0.0,-0.9614
w2431,4954,0.101,0.843,0.056,-0.9855
w2432,68,0.0,1.0,0.0,0.0
w2433,36,0.0,1.0,0.0,0.0
w2434,68,0.0,1.0,0.0,0.0
w2435,178,0.173,0.771,0.056,-0.5889
w2436,7502,0.042,0.861,0.097,0.9956
w2437,349,0.0,1.0,0.0,0.0
w2438,30879,0.05,0.864,0.087,0.9994
w2439,234,0.036,0.885,0.078,0.3818
w2440,4930,0.059,0.833,0.108,0.9903
w2441,220,0.0,0.912,0.088,0.5093
w2442,8682,0.054,0.894,0.052,-0.9747
w2443,9011,0.061,0.821,0.118,0.9949
w2444,8831,0.029,0.905,0.067,0.9953
w2445,5459,0.053,0.847,0.101,0.9928
w2446,26,0.0,1.0,0.0,0.0
w2447,7060,0.064,0.868,0.068,-0.3163
w2448,10755,0.06,0.86,0.08,0.9837
w2449,8395,0.061,0.848,0.092,0.9859
w2450,13047,0.061,0.876,0.063,0.9772
w2451,376,0.026,0.918,0.056,0.3818
w2452,9908,0.061,0.882,0.057,-0.9368
w2453,177,0.0,1.0,0.0,0.0
w2454,1037,0.021,0.892,0.087,0.802
w2455,245,0.0,0.917,0.083,0.4588
w2456,11570,0.038,0.807,0.154,0.9998
w2457,3554,0.026,0.865,0.109,0.9914
w2458,4010,0.033,0.882,0.085,0.9795
w2459,11997,0.038,0.893,0.069,0.9962
w2460,1460,0.013,0.987,0.0,-0.0516
w2461,63,0.0,1.0,0.0,0.0
w2462,63,0.0,1.0,0.0,0.0
w2463,6717,0.054,0.881,0.065,0.8553
w2464,21417,0.056,0.843,0.101,0.9993
w2465,100,0.072,0.928,0.0,-0.1027
w2466,18642,0.093,0.796,0.111,0.9954
w2467,1315,0.019,0.945,0.036,0.4767
w2468,5294,0.043,0.865,0.092,0.9892
w2469,116,0.139,0.861,0.0,-0.4404
w2470,8735,0.075,0.812,0.113,0.9958
w2471,100,0.0,1.0,0.0,0.0
w2472,1698,0.04,0.881,0.08,0.8221
w2474,6845,0.053,0.866,0.081,0.981
w2475,169,0.0,1.0,0.0,0.0
w2476,10086,0.105,0.789,0.106,-0.9657
w2477,162,0.0,1.0,0.0,0.0
w2478,277,0.0,1.0,0.0,0.0
w2479,99,0.0,0.851,0.149,0.2732
w2480,12947,0.082,0.839,0.079,-0.8707
w2481,17642,0.044,0.818,0.138,0.9998
w2482,13029,0.089,0.759,0.152,0.9992
w2483,18578,0.04,0.908,0.053,0.9852
w2484,7673,0.037,0.876,0.087,0.9926
w2485,63,0.0,1.0,0.0,0.0
w2486,148,0.0,1.0,0.0,0.0
w2487,5207,0.047,0.816,0.137,0.9965
w2488,7552,0.056,0.883,0.061,0.6368
w2489,110,0.0,1.0,0.0,0.0
w2490,8738,0.05,0.918,0.032,-0.9433
w2491,14126,0.014,0.932,0.054,0.9978
w2492,20081,0.03,0.914,0.056,0.9975
w2493,9466,0.073,0.83,0.097,0.9928
w2494,713,0.0,1.0,0.0,0.0
w2495,7479,0.041,0.855,0.103,0.9971
w2496,305,0.0,1.0,0.0,0.0
w2497,101,0.0,1.0,0.0,0.0
w2498,5999,0.038,0.922,0.04,-0.2263
w2499,167,0.153,0.847,0.0,-0.4404
w2500,218,0.0,1.0,0.0,0.0
w2501,8016,0.077,0.842,0.081,0.5692
w2502,3930,0.093,0.883,0.024,-0.9901
w2503,4524,0.07,0.837,0.093,0.92
w2504,47,0.0,1.0,0.0,0.0
w2505,1614,0.012,0.902,0.086,0.925
w2506,5824,0.032,0.878,0.09,0.9924
w2508,8662,0.057,0.843,0.1,0.9959
w2509,11511,0.024,0.866,0.11,0.9989
w2510,3766,0.017,0.821,0.162,0.9978
w2511,160,0.0,1.0,0.0,0.0
w2512,160,0.0,1.0,0.0,0.0
w2513,10903,0.038,0.846,0.116,0.9992
w2514,99,0.0,0.851,0.149,0.2732
w2515,160,0.0,1.0,0.0,0.0
w2516,8350,0.062,0.854,0.084,0.985
w2517,63,0.0,1.0,0.0,0.0
w2518,148,0.0,1.0,0.0,0.0
w2519,7924,0.064,0.87,0.066,-0.9087
w2520,5669,0.101,0.784,0.115,0.9299
w2521,148,0.0,1.0,0.0,0.0
w2522,384,0.177,0.823,0.0,-0.8223
w2523,15901,0.068,0.834,0.098,0.996
w2524,117,0.13,0.87,0.0,-0.4019
w2525,120,0.0,1.0,0.0,0.0
w2526,225,0.0,1.0,0.0,0.0
w2527,385,0.0,0.847,0.153,0.8126
w2528,1590,0.049,0.839,0.112,0.9346
w2529,16036,0.072,0.827,0.101,0.996
w2530,6256,0.055,0.887,0.058,-0.4
w2531,5062,0.052,0.845,0.104,0.9916
w2532,7340,0.073,0.866,0.061,-0.89
w2533,100,0.0,1.0,0.0,0.0
w2534,16871,0.142,0.782,0.076,-0.9993
w2535,5954,0.037,0.876,0.087,0.9906
w2536,3762,0.042,0.843,0.115,0.9915
w2537,5358,0.07,0.854,0.076,0.2648
w2538,222,0.0,1.0,0.0,0.0
w2539,11543,0.036,0.891,0.072,0.9972
w2540,5287,0.053,0.815,0.132,0.9964
w2541,5459,0.065,0.868,0.067,-0.4054
w2542,222,0.0,1.0,0.0,0.0
w2543,36,0.0,1.0,0.0,0.0
w2544,5343,0.065,0.852,0.083,0.7912
w2546,118,0.0,0.899,0.101,0.2023
w2547,155,0.0,1.0,0.0,0.0
w2548,9101,0.072,0.84,0.088,0.9466
w2549,12136,0.09,0.814,0.096,0.7353
w2550,12856,0.088,0.798,0.115,0.9962
w2551,5771,0.076,0.798,0.126,0.9891
w2552,6636,0.05,0.88,0.07,0.9648
w2553,18,0.0,1.0,0.0,0.0
w2554,4374,0.025,0.882,0.094,0.9925
w2555,2856,0.055,0.87,0.075,0.7598
w2556,6624,0.053,0.888,0.058,-0.0062
w2557,156,0.0,1.0,0.0,0.0
w2558,11427,0.029,0.922,0.048,0.9784
w2559,8304,0.064,0.866,0.07,0.8293
w2560,192,0.088,0.912,0.0,-0.34
w2561,146,0.0,1.0,0.0,0.0
w2562,189,0.0,1.0,0.0,0.0
w2563,193,0.0,1.0,0.0,0.0
w2564,3467,0.031,0.891,0.079,0.9695
w2565,3993,0.032,0.882,0.086,0.9827
w2566,36,0.0,1.0,0.0,0.0
w2567,8239,0.025,0.881,0.094,0.9961
w2568,720,0.0,1.0,0.0,0.0
w2569,810,0.0,1.0,0.0,0.0
w2570,10461,0.066,0.818,0.115,0.9951
w2571,9481,0.07,0.794,0.136,0.9989
w2572,121,0.0,0.876,0.124,0.34
w2573,7917,0.089,0.799,0.111,0.9661
w2574,5609,0.052,0.849,0.1,0.99
w2575,4801,0.058,0.815,0.128,0.9961
w2576,2259,0.0,1.0,0.0,0.0
w2577,3908,0.065,0.828,0.107,0.9618
w2578,7824,0.064,0.809,0.127,0.9973
w2612,120,0.132,0.642,0.226,0.128
w2613,316,0.07,0.764,0.166,0.5267
w2614,9699,0.042,0.858,0.1,0.9972
w2615,101,0.0,1.0,0.0,0.0
w2616,101,0.0,1.0,0.0,0.0
w2620,117,0.139,0.861,0.0,-0.4404
w2621,164,0.0,1.0,0.0,0.0
w2622,4034,0.088,0.854,0.058,-0.9752
w2623,7033,0.038,0.878,0.083,0.9943
w2624,89,0.0,1.0,0.0,0.0
w2625,5165,0.044,0.825,0.131,0.9965
w2626,7843,0.012,0.887,0.101,0.9989
w2627,4206,0.045,0.935,0.021,-0.8338
w2628,7060,0.029,0.823,0.147,0.999
w2629,391,0.0,0.933,0.067,0.4588
w2630,121,0.0,1.0,0.0,0.0
w2631,3958,0.045,0.799,0.156,0.997
w2632,3928,0.039,0.791,0.17,0.9977
w2633,32,0.0,1.0,0.0,0.0
w2634,78,0.0,1.0,0.0,0.0
w2635,1313,0.0,0.978,0.022,0.4588
w2636,4129,0.049,0.907,0.045,-0.7889
w2637,9313,0.042,0.901,0.057,0.9679
w2638,3941,0.055,0.836,0.109,0.9848
w2639,6668,0.021,0.922,0.057,0.9808
w2640,5469,0.052,0.868,0.08,0.9558
w2641,1939,0.059,0.831,0.11,0.9042
w2642,7238,0.066,0.897,0.037,-0.9866
w2643,15889,0.038,0.892,0.07,0.9966
w2644,8913,0.063,0.821,0.116,0.9976
w2645,179,0.0,1.0,0.0,0.0
w2646,8108,0.062,0.845,0.093,0.9939
w2647,6720,0.03,0.939,0.031,0.3676
w2648,162,0.0,1.0,0.0,0.0
w2649,9269,0.041,0.866,0.093,0.9973
w2650,8058,0.08,0.84,0.079,-0.466
w2651,292,0.0,0.89,0.11,0.5719
w2652,7282,0.079,0.865,0.056,-0.9841
w2653,356,0.0,1.0,0.0,0.0
w2654,6764,0.052,0.848,0.1,0.9957
w2655,849,0.0,0.964,0.036,0.4767
w2656,4600,0.068,0.884,0.048,-0.8135
w2657,63,0.0,1.0,0.0,0.0
w2658,17,0.0,1.0,0.0,0.0
w2659,10049,0.069,0.876,0.054,-0.9891
w2660,3533,0.031,0.906,0.062,0.9183
w2661,4022,0.02,0.93,0.049,0.9598
w2662,5387,0.026,0.884,0.09,0.994
w2663,9953,0.04,0.86,0.1,0.9975
w2664,6045,0.126,0.806,0.068,-0.9966
w2665,100,0.0,1.0,0.0,0.0
w2666,5084,0.05,0.901,0.049,-0.6298
w2667,3979,0.02,0.93,0.049,0.9598
w2668,4186,0.029,0.916,0.056,0.9278
w2669,6904,0.026,0.91,0.064,0.9814
w2670,1631,0.011,0.938,0.051,0.8531
w2671,4034,0.06,0.878,0.062,0.7428
w2672,6033,0.038,0.842,0.119,0.9967
w2673,89,0.0,1.0,0.0,0.0
w2674,47,0.0,1.0,0.0,0.0
w2675,7905,0.058,0.868,0.074,0.9281
w2676,5542,0.037,0.908,0.055,0.8395
w2677,5976,0.063,0.842,0.094,0.9758
w2678,6125,0.035,0.902,0.062,0.9724
w2679,7171,0.041,0.788,0.171,0.9994
w2680,7038,0.054,0.79,0.155,0.9986
w2681,2145,0.083,0.863,0.053,-0.8799
w2682,93,0.0,1.0,0.0,0.0
w2683,2918,0.034,0.854,0.111,0.9849
w2684,4826,0.036,0.869,0.095,0.9888
w2685,9705,0.038,0.906,0.055,0.9292
w2686,7867,0.134,0.781,0.085,-0.9975
w2687,7681,0.066,0.864,0.07,0.7575
w2688,4517,0.13,0.804,0.066,-0.9911
w2689,4326,0.135,0.801,0.065,-0.9921
w2690,36,0.0,1.0,0.0,0.0
w2691,278,0.0,1.0,0.0,0.0
w2692,9992,0.108,0.816,0.075,-0.9963
w2693,8693,0.038,0.85,0.112,0.9989
w2694,12826,0.049,0.851,0.1,0.9979
w2695,6192,0.037,0.867,0.096,0.9944
w2696,6607,0.054,0.81,0.136,0.998
w2697,9766,0.058,0.83,0.111,0.9978
w2698,5777,0.034,0.877,0.089,0.9937
w2699,6076,0.057,0.836,0.108,0.9915
w2700,155,0.0,1.0,0.0,0.0
w2701,6549,0.098,0.8,0.102,-0.9373
w2702,251,0.0,0.935,0.065,0.3182
w2703,10157,0.051,0.838,0.111,0.9981
w2704,13786,0.032,0.861,0.108,0.9994
w2705,10595,0.048,0.844,0.108,0.9985
w2706,20278,0.055,0.858,0.087,0.9971
w2707,10069,0.025,0.915,0.06,0.9912
w2708,110,0.0,1.0,0.0,0.0
w2709,249,0.069,0.861,0.069,0.0
w2710,155,0.046,0.954,0.0,-0.0516
w2711,96,0.205,0.795,0.0,-0.4767
w2712,103,0.0,1.0,0.0,0.0
w2713,11180,0.056,0.839,0.105,0.9984
w2714,24456,0.038,0.849,0.113,0.9998
w2715,6132,0.032,0.917,0.051,0.9132
w2716,13762,0.057,0.844,0.099,0.9984
w2717,2902,0.022,0.908,0.071,0.9535
w2718,151,0.0,1.0,0.0,0.0
w2719,373,0.055,0.892,0.053,-0.0258
w2720,3564,0.017,0.864,0.119,0.994
w2721,5031,0.018,0.849,0.133,0.9981
w2722,6339,0.037,0.853,0.11,0.997
w2723,94,0.522,0.478,0.0,-0.8979
w2724,342,0.0,0.941,0.059,0.4588
w2725,244,0.064,0.936,0.0,-0.2263
w2726,182,0.0,0.852,0.148,0.5106
w2727,8586,0.044,0.848,0.108,0.9983
w2728,110,0.0,1.0,0.0,0.0
w2729,10211,0.075,0.844,0.081,0.3359
w2730,63,0.0,1.0,0.0,0.0
w2731,110,0.0,1.0,0.0,0.0
w2732,13230,0.029,0.87,0.1,0.999
w2733,207,0.0,0.921,0.079,0.34
w2734,113,0.132,0.868,0.0,-0.4404
w2735,6332,0.042,0.871,0.087,0.9911
w2736,9,0.0,1.0,0.0,0.0
w2737,25,0.0,1.0,0.0,0.0
w2738,130,0.0,0.833,0.167,0.5267
w2739,5540,0.08,0.879,0.041,-0.9906
w2740,5201,0.051,0.883,0.066,0.9141
w2741,4708,0.037,0.894,0.069,0.9572
w2742,5312,0.014,0.907,0.078,0.9938
w2743,1533,0.0,0.958,0.042,0.8611
w2744,2051,0.0,0.915,0.085,0.9773
w2745,89,0.0,1.0,0.0,0.0
w2746,4959,0.041,0.87,0.09,0.9768
w2747,3199,0.016,0.93,0.053,0.9325
w2748,5865,0.037,0.862,0.101,0.9955
w2749,5331,0.041,0.866,0.094,0.9926
w2750,5538,0.034,0.932,0.034,-0.2884
w2751,2083,0.1,0.845,0.054,-0.941
w2752,7169,0.043,0.786,0.171,0.9994
w2753,4698,0.021,0.92,0.06,0.9714
w2754,465,0.0,0.906,0.094,0.6908
w2755,79,0.0,1.0,0.0,0.0
w2756,25,0.0,1.0,0.0,0.0
w2757,260,0.0,0.912,0.088,0.4588
w2758,852,0.0,1.0,0.0,0.0
w2759,6855,0.048,0.893,0.06,0.9632
w2760,9906,0.02,0.893,0.087,0.9985
w2761,9404,0.028,0.869,0.103,0.9986
w2762,3850,0.023,0.92,0.056,0.9667
w2763,12334,0.073,0.807,0.121,0.9974
w2764,15210,0.049,0.816,0.136,0.9997
w2765,3821,0.028,0.814,0.158,0.9972
w2766,3081,0.029,0.879,0.092,0.9783
w2767,8947,0.048,0.876,0.077,0.9893
w2768,12007,0.016,0.874,0.11,0.9992
w2769,2996,0.015,0.962,0.023,0.1779
w2770,14262,0.044,0.863,0.093,0.9985
w2771,22415,0.052,0.866,0.082,0.9977
w2772,5979,0.073,0.818,0.108,0.9849
w2773,4517,0.02,0.89,0.091,0.993
w2774,10950,0.044,0.881,0.075,0.9831
w2775,314,0.0,0.83,0.17,0.765
w2776,8998,0.057,0.855,0.089,0.9927
w2777,1613,0.06,0.836,0.103,0.8885
w2778,367,0.0,1.0,0.0,0.0
w2779,6689,0.04,0.824,0.136,0.9985
w2780,103,0.0,0.894,0.106,0.2263
w2781,100,0.0,1.0,0.0,0.0
w2782,4909,0.058,0.912,0.029,-0.9721
w2783,4009,0.078,0.868,0.053,-0.9527
w2784,1698,0.054,0.869,0.077,0.7212
w2785,3071,0.015,0.962,0.023,0.1779
w2786,3772,0.019,0.928,0.053,0.9383
w2787,14177,0.037,0.877,0.086,0.9981
w2788,1668,0.0,0.951,0.049,0.8966
w2789,89,0.0,1.0,0.0,0.0
w2790,3336,0.081,0.853,0.065,-0.8818
w2791,3056,0.068,0.859,0.074,0.2385
w2792,4452,0.049,0.899,0.051,-0.35
w2793,339,0.0,0.938,0.062,0.25
w2794,10977,0.018,0.926,0.056,0.9946
w2795,5845,0.012,0.84,0.148,0.9989
w2796,30323,0.15,0.79,0.06,-0.9999
w2797,533,0.032,0.932,0.035,0.0516
w2798,6395,0.071,0.847,0.081,0.1771
w2799,9470,0.045,0.858,0.097,0.9975
w2800,7976,0.082,0.824,0.094,0.9428
w2801,831,0.0,0.959,0.041,0.4404
w2802,4493,0.049,0.862,0.089,0.9824
w2803,8399,0.039,0.886,0.075,0.9913
w2804,10641,0.032,0.88,0.087,0.9977
w2805,5231,0.023,0.882,0.096,0.9954
w2806,6401,0.041,0.865,0.095,0.9931
w2807,13218,0.061,0.839,0.1,0.9978
w2808,3856,0.046,0.837,0.117,0.992
w2809,4296,0.056,0.886,0.058,0.7576
w2810,9460,0.069,0.861,0.07,-0.3322
w2811,12411,0.026,0.928,0.047,0.9634
w2812,6472,0.081,0.824,0.095,0.9166
w2813,4246,0.071,0.808,0.121,0.9868
w2814,96,0.0,1.0,0.0,0.0
w2815,3626,0.017,0.864,0.118,0.995
w2816,22537,0.041,0.878,0.081,0.9989
w2817,250,0.0,1.0,0.0,0.0
w2818,250,0.0,1.0,0.0,0.0
w2820,147,0.194,0.806,0.0,-0.5859
w2821,38,0.0,1.0,0.0,0.0
w2822,92,0.0,1.0,0.0,0.0
w2823,277,0.0,1.0,0.0,0.0
w2824,5099,0.032,0.879,0.089,0.9849
w2825,18166,0.064,0.844,0.091,0.9948
w2826,225,0.0,1.0,0.0,0.0
w2827,13210,0.118,0.786,0.096,-0.9965
w2828,17450,0.084,0.796,0.12,0.9983
w2829,155,0.226,0.681,0.093,-0.5719
w2830,8802,0.056,0.874,0.07,0.9533
w2831,16022,0.057,0.856,0.088,0.9958
w2832,1731,0.032,0.754,0.214,0.9872
w2833,7697,0.044,0.895,0.061,0.9571
w2834,7568,0.082,0.846,0.072,-0.9619
w2835,8123,0.092,0.756,0.152,0.997
w2836,85,0.0,1.0,0.0,0.0
w2837,5421,0.042,0.88,0.078,0.9871
w2838,33734,0.055,0.842,0.103,0.9998
w2839,18144,0.039,0.851,0.11,0.9996
w2840,12105,0.082,0.803,0.115,0.9966
w2841,5779,0.064,0.845,0.091,0.9773
w2842,10359,0.054,0.868,0.077,0.9917
w2843,11801,0.062,0.848,0.09,0.9954
w2844,9079,0.069,0.837,0.095,0.9904
w2845,9005,0.062,0.84,0.098,0.9935
w2846,15949,0.038,0.881,0.081,0.9989
w2847,10492,0.045,0.865,0.09,0.9955
w2848,6516,0.078,0.849,0.073,-0.8046
w2849,7607,0.088,0.763,0.149,0.9982
w2850,11903,0.024,0.872,0.104,0.9987
w2851,160,0.0,1.0,0.0,0.0
w2852,99,0.0,0.851,0.149,0.2732
w2853,13393,0.039,0.891,0.07,0.9938
w2854,18694,0.028,0.916,0.055,0.9972
w2855,1042,0.016,0.882,0.102,0.906
w2856,10088,0.058,0.835,0.107,0.997
w2857,9913,0.068,0.854,0.078,0.6936
w2858,21426,0.068,0.849,0.083,0.9904
w2859,110,0.0,1.0,0.0,0.0
w2860,18910,0.038,0.914,0.049,0.9899
w2861,5897,0.031,0.911,0.059,0.9532
w2862,140,0.0,0.943,0.057,0.0516
w2863,6303,0.055,0.837,0.108,0.9761
w2864,7530,0.07,0.822,0.107,0.9949
w2865,220,0.0,0.787,0.213,0.743
w2866,7218,0.041,0.883,0.076,0.99
w2867,4325,0.022,0.89,0.089,0.9898
w2868,83,0.0,1.0,0.0,0.0
w2869,1599,0.02,0.944,0.035,0.3527
w2870,122,0.0,0.796,0.204,0.5574
w2871,11146,0.047,0.849,0.104,0.9984
w2872,18287,0.078,0.825,0.097,0.9922
w2873,6670,0.006,0.918,0.075,0.996
w2874,101,0.0,1.0,0.0,0.0
w2875,9690,0.08,0.809,0.11,0.9871
w2876,6982,0.037,0.919,0.044,-0.2599
w2877,5241,0.065,0.846,0.089,0.8744
w2878,8193,0.039,0.865,0.096,0.9945
w2879,9,0.0,1.0,0.0,0.0
w2880,8769,0.068,0.876,0.057,-0.9687
w2881,711,0.0,1.0,0.0,0.0
w2882,9,0.0,1.0,0.0,0.0
w2883,176,0.0,0.727,0.273,0.8555
w2884,11400,0.037,0.89,0.073,0.995
w2885,708,0.031,0.969,0.0,-0.4215
w2886,19807,0.07,0.844,0.086,0.9906
w2887,2165,0.034,0.94,0.026,-0.4019
w2888,7518,0.056,0.843,0.101,0.9965
w2889,155,0.0,1.0,0.0,0.0
w2890,2746,0.005,0.949,0.045,0.9153
w2891,149,0.086,0.914,0.0,-0.128
w2892,3221,0.013,0.939,0.048,0.9481
w2893,47,0.0,1.0,0.0,0.0
w2894,2040,0.015,0.898,0.088,0.964
w2895,89,0.0,1.0,0.0,0.0
w2896,5418,0.092,0.839,0.068,-0.9741
w2897,6066,0.049,0.863,0.088,0.9869
w2898,4340,0.026,0.898,0.075,0.9858
w2899,89,0.0,1.0,0.0,0.0
w2900,4279,0.038,0.884,0.078,0.9748
w2901,3669,0.075,0.838,0.087,0.7162
w2902,96,0.0,1.0,0.0,0.0
w2903,4812,0.043,0.843,0.114,0.9933
w2904,94,0.0,0.802,0.198,0.5719
w2905,3965,0.045,0.813,0.142,0.996
w2906,7674,0.042,0.827,0.131,0.9984
w2907,6926,0.049,0.83,0.12,0.9975
w2908,2276,0.085,0.887,0.028,-0.9665
w2909,3871,0.035,0.903,0.063,0.9411
w2910,269,0.0,0.863,0.137,0.6597
w2911,2473,0.043,0.847,0.109,0.9729
w2912,93,0.0,0.854,0.146,0.34
w2913,3851,0.059,0.896,0.045,-0.8243
w2914,3850,0.038,0.882,0.079,0.9674
w2915,2599,0.08,0.893,0.027,-0.9638
w2916,4728,0.032,0.891,0.077,0.9798
w2917,162,0.0,1.0,0.0,0.0
w2918,304,0.084,0.79,0.127,0.4199
w2919,12254,0.042,0.862,0.096,0.9977
w2920,131,0.0,1.0,0.0,0.0
w2921,3636,0.022,0.861,0.117,0.9942
w2922,13450,0.054,0.87,0.076,0.9917
w2923,278,0.0,1.0,0.0,0.0
w2924,3750,0.118,0.812,0.07,-0.9897
w2925,7082,0.026,0.903,0.071,0.9929
w2926,5540,0.048,0.779,0.174,0.9984
w2927,5542,0.048,0.853,0.099,0.9925
w2928,8150,0.079,0.857,0.064,-0.9793
w2929,10608,0.107,0.813,0.08,-0.995
w2930,27798,0.052,0.849,0.099,0.9997
w2931,11532,0.051,0.868,0.08,0.9939
w2932,8321,0.049,0.87,0.081,0.9944
w2933,10115,0.09,0.828,0.082,-0.9703
w2934,10789,0.053,0.879,0.068,0.9485
w2935,4428,0.126,0.814,0.06,-0.991
w2936,202,0.125,0.808,0.067,-0.4019
w2937,186,0.127,0.873,0.0,-0.4404
w2938,101,0.0,1.0,0.0,0.0
w2939,185,0.0,1.0,0.0,0.0
w2940,226,0.043,0.88,0.077,0.3182
w2941,10795,0.097,0.81,0.093,-0.9178
w2942,7012,0.059,0.88,0.062,0.6517
w2943,7708,0.05,0.873,0.077,0.9808
w2944,6241,0.099,0.812,0.089,0.2935
w2945,11310,0.044,0.864,0.091,0.9939
w2946,181,0.0,1.0,0.0,0.0
w2947,203,0.0,1.0,0.0,0.0
w2948,4945,0.029,0.912,0.06,0.963
w2949,9607,0.129,0.771,0.101,-0.9969
w2950,247,0.038,0.86,0.102,0.34
w2951,6506,0.055,0.875,0.07,0.9162
w2952,137,0.0,1.0,0.0,0.0
w2953,13746,0.127,0.798,0.076,-0.9989
w2954,6399,0.08,0.858,0.062,-0.964
w2955,4521,0.058,0.857,0.085,0.9778
w2956,283,0.072,0.928,0.0,-0.4215
w2957,777,0.0,1.0,0.0,0.0
w2958,6737,0.084,0.804,0.112,0.9797
w2959,99,0.0,0.851,0.149,0.2732
w2960,6604,0.069,0.833,0.099,0.9796
w2961,807,0.0,1.0,0.0,0.0
w2962,4051,0.05,0.815,0.136,0.9963
w2963,12360,0.115,0.839,0.045,-0.9992
w2964,1983,0.0,1.0,0.0,0.0
w2965,14333,0.072,0.844,0.083,0.9829
w2966,299,0.061,0.873,0.066,0.0534
w2967,11419,0.055,0.872,0.073,0.9798
w2968,12081,0.049,0.888,0.064,0.9836
w2969,13891,0.072,0.838,0.089,0.9872
w2970,8418,0.057,0.801,0.142,0.9986
w2971,12980,0.061,0.811,0.129,0.999
w2972,99,0.0,0.851,0.149,0.2732
w2973,160,0.0,1.0,0.0,0.0
w2974,801,0.0,1.0,0.0,0.0
w2975,1043,0.027,0.891,0.082,0.7901
w2976,30319,0.047,0.884,0.068,0.9984
w2977,11913,0.045,0.876,0.078,0.9952
w2978,110,0.0,1.0,0.0,0.0
w2979,5575,0.057,0.852,0.091,0.9833
w2980,16342,0.028,0.917,0.055,0.9958
w2981,1030,0.0,0.899,0.101,0.92
w2982,10941,0.041,0.884,0.074,0.9872
w2983,7827,0.06,0.842,0.099,0.9955
w2984,8225,0.008,0.883,0.109,0.9991
w2985,14339,0.062,0.841,0.097,0.9973
w2986,179,0.098,0.902,0.0,-0.34
w2987,4174,0.036,0.848,0.115,0.9936
w2988,215,0.0,0.833,0.167,0.6808
w2989,8694,0.06,0.821,0.118,0.998
w2990,15517,0.073,0.828,0.099,0.9941
w2991,10798,0.036,0.868,0.095,0.9982
w2992,6577,0.044,0.876,0.08,0.9856
w2993,6723,0.071,0.803,0.126,0.9942
w2994,1598,0.062,0.832,0.106,0.8885
w2995,11104,0.069,0.841,0.09,0.9909
w2996,101,0.0,1.0,0.0,0.0
w2997,10641,0.035,0.902,0.063,0.9915
w2998,5436,0.039,0.883,0.078,0.9826
w2999,4859,0.07,0.836,0.094,0.8549
w3000,205,0.0,0.833,0.167,0.6369
w3001,3449,0.066,0.827,0.107,0.8961
